match_name,match_pc,clean_name,cn_pc
ABB,194.5,ABBAIRPREHEATER,139
ABB,194.5,ABBATOM,83.5
ABB,194.5,ABBFLAKT,77
ABB,194.5,ABBLUMMUSCREST,58.333332
ABB,194.5,ABBLUMMUSGLOBAL,91.333336
ABB,194.5,ABBMGMT,104
ABB,194.5,ABBOTTMACHINE,111
ABB,194.5,ABBPATENT,220.5
ABB,194.5,ABBPWRGRIDSSWITZERLAND,124
ABB,194.5,ABBPWRTANDD,224
ABB,194.5,ABBSCHWEIZ,1616
ABB,194.5,ABBSVC,52
ABB,194.5,ABBTECH,3274.5
ABB,194.5,ABBVIE,697.83331
ABB,194.5,ABBVIEBIOTECHNOLOGY,91
ABB,194.5,ASEABROWNBOVERI,947.5
ABBOTTLAB,5146,ABBOTTLABVASCULARENTPR,90.5
ABBVIE,697.83331,ABBVIEDEUTSCHLAND,111.83334
ABBVIE,697.83331,ABBVIESTEMCENTRX,56.5
ABEX,898,PNEUMOABEX,91
ACCOBRANDS,379.5,ACCOBRANDSUS,122
ACER,1160.8334,ACERPERIPHERALS,139
ADDRESSOGRAPH,159,ADDRESSOGRAPHMULTIGRAPH,145
ADIDAS,547,ADIDASINTMARKETING,144.5
AESCULAP,534.5,AESCULAPIMPLANTSYS,67
AETNA,74,AETNASTANDARDENG,100
AGC,511.25,AGCGLASSEUROPE,322.58334
AGCO,659.5,AGCOINT,106.5
AGENCYOFINDSCIENCEANDTECH,176.5,AGENCYOFINDSCIENCEANDTECHMINISTRYOFINTTRADEANDIND,202.16667
AGENCYOFINDSCIENCEANDTECH,176.5,DIRECTORGENOFAGENCYOFINDSCIENCEANDTECH,305.75
AGERESYS,2323.3333,AGERESYSGUARDIAN,609.33331
AGFAGEVAERT,5255.5,AGFA,266
AGFAGEVAERT,5255.5,AGFAANSCO,397
AGFAGEVAERT,5255.5,AGFAGRAPHICS,233.5
AGFAGEVAERT,5255.5,AGFAHEALTHCARE,197
AGFAGEVAERT,5255.5,AGFAMONOTYPE,59
AHLSTROM,308,AAHLSTROMOSAKEYHTIO,77
AHLSTROM,308,AHLSTROMMACHINERY,82.5
AIRBUSHELICOPTERS,430.25,AIRBUSHELICOPTERSDEUTSCHLAND,157.08333
AIRPROD,57,AIRPRODANDCHEM,3560
AIRWAY,106,AIRWAYELECAPPL,131
AKZO,811,AKZOUS,72
AKZONOBEL,1257.8334,AKZONOBELCHEMINT,154.5
AKZONOBEL,1257.8334,AKZONOBELCOATINGSINT,164.7
ALBERTEINSTEINCOLLEGEOFMEDICINE,107.5,ALBERTEINSTEINCOLLEGEOFMEDICINEOFYESHIVAUNIVERSITY,263.83334
ALCANINT,490.66666,RIOTINTOALCANINT,61
ALCATEL,3361.5,ALCATELBUSINESSSYS,64
ALCATEL,3361.5,ALCATELCABLE,78
ALCATEL,3361.5,ALCATELCAN,228
ALCATEL,3361.5,ALCATELCIT,340
ALCATEL,3361.5,ALCATELESPACE,86
ALCATEL,3361.5,ALCATELNETWORKSYS,180
ALCATEL,3361.5,ALCATELUSSOURCING,261
ALCATEL,3361.5,COMPAGNIEINDUSTRIELLESDESTELECOMCITALCATEL,244
ALCATELLUCENT,6582.5,ALCATELLUCENTCAN,57.5
ALCON,1497,ALCONUNIVERSAL,71
ALEMITE,506,ALEMITEMFG,64
ALFALAVAL,894,ALFALAVALAGRI,79
ALFALAVAL,894,ALFALAVALSEPARATION,62.5
ALKERMES,59.5,ALKERMESPHARMIRELAND,131.5
ALUMINUMPECHINEY,63,CEGEDURSOCDETRANSFORMATIONDELALUMINUMPECHINEY,52
ALUSUISSE,157,ALUSUISSELONZASVCS,60
ALUSUISSE,157,ALUSUISSETECHANDMGMT,103
AMADA,525.5,AMADAMETRECS,52.5
AMANO,91.5,AMANOENZYME,67.583336
AMAZON,163,AMAZONTECH,15798.5
AMBARELLA,178,AMBARELLAINT,74
AMERNBOSCH,105,AMERNBOSCHARMA,281
AMERNBOSCH,105,UNITEDAMERNBOSCH,94
AMERNBRASS,191,ANACONDAAMERNBRASS,61
AMERNCYANAMID,3816,AMERNCYANAMIDANDCHEM,111
AMERNMEGATRENDS,548,AMERNMEGATRENDSINT,123
AMERNMETAL,89,AMERNMETALPROD,157
AMERNTELEPHONEANDTELEGRAPH,348.91666,AMERNTELEPHONEANDTELEGRAPHATANDTBELLLAB,725
AMGEN,1532.1666,AMGENFREMONT,54.5
AMPHENOL,552.5,AMPHENOLTUCHELELECTRONICS,122
AMS,702,AMSINT,59
ANALOGDEVICES,3338,ANALOGDEVICESGLOBAL,379.5
ANALOGDEVICES,3338,ANALOGDEVICESINTUNLIMITED,183
ANALOGDEVICESGLOBAL,379.5,ANALOGDEVICESGLOBALUNLIMITED,112
ANALOGIC,407,ADVANCEDANALOGICTECH,175
ANDRITZ,435.20001,ANDRITZPATENTVERWALTUNGSGESELLSCHAFT,73
ANSALDOENERGIA,98,ANSALDOENERGIASWITZERLAND,171
AOSMITH,1578.5,AOSMITHHARVESTOREPROD,69
APOTEX,68,APOTEXPHARMACHEM,50
APPLE,26426.166,APPLECOMPUTER,2120.6667
APPLIEDMATERIALS,10433.833,APPLIEDMATERIALSISRAEL,374
ARCELORMITTAL,138,ARCELORMITTALFRANCE,50
ARCELORMITTAL,138,ARCELORMITTALINVESTIGACIONYDESARROLLO,53.75
ARCHSYS,351.33334,APPLIEDRESEARCHSYSARS,154.16667
AREVA,129.83333,AREVANP,207.75
ARISTOCRATTECH,58,ARISTOCRATTECHAUSTRALIA,1022
ARIZONABOARDOFREGENTS,224.08333,ARIZONABOARDOFREGENTSONBEHALFOFUNIVERSITYOFARIZONA,1519.3187
ARKEMA,392.5,ARKEMAFRANCE,888.61664
ARROWHARTANDHEGEMANELEC,226,ARROWHART,51
ARUZE,161.66667,ARUZEGAMINGUS,216.5
ASAHIKASEI,2527.95,ASAHIKASEICHEM,498.88889
ASAHIKASEI,2527.95,ASAHIKASEIEMATERIALS,80
ASAHIKASEI,2527.95,ASAHIKASEIFIBERS,57
ASAHIKASEI,2527.95,ASAHIKASEIMICRODEVICES,174.33333
ASAHIKASEI,2527.95,ASAHIKASEIPHARM,70.699997
ASEA,1490.8334,ASEAATOM,72
ASHLAND,1377,MARATHONASHLANDPETROLEUM,68.5
ASM,591.83331,ASMINT,309.66666
ASM,591.83331,ASMJAPAN,190
ASM,591.83331,ASMTECHSINGAPORE,225
ASM,591.83331,ASMUS,304
ASML,512.83331,ASMLMASKTOOLS,87.5
ASML,512.83331,ASMLNETHERLANDS,3879.3333
ASSAABLOY,334,ASSAABLOYENTRANCESYS,53
ASTEC,165.5,ASTECINT,293
ASUS,4304.5,ASUSTEKCOMPUTER,1143
ATANDT,19580.166,ATANDTBELLLAB,20519.25
ATANDT,19580.166,ATANDTGLOBALINFORMATIONSOLTNS,111.83334
ATANDT,19580.166,ATANDTIPM,91
ATANDT,19580.166,ATANDTMOBILITYII,2303
ATANDT,19580.166,ATANDTTECH,4679.75
ATANDT,19580.166,ATANDTWIRELESSSVCS,234.33333
ATI,404.5,ATIINT,333.5
ATLASCOPCO,490.5,ATLASCOPCOAIRPOWERNAAMLOZEVENNOOTSCHAP,205.5
ATLASCOPCO,490.5,ATLASCOPCOINDTECHNIQUE,99
ATLASCOPCO,490.5,ATLASCOPCOROCKDRILLS,106
ATLASCOPCO,490.5,ATLASCOPCOTOOLS,133
ATMEL,1465.5,ATMELAUTOMOTIVE,60
ATMEL,1465.5,ATMELGERMANY,122.33334
ATOFINA,215.5,ATOFINACHEM,66.833336
AUTODESK,976,AUTODESKCAN,62
AUTOGRAPHICREGISTER,100,UNITEDAUTOGRAPHICREGISTER,124
AUTOMATICBARCONTROL,57,AUTOMATICBARCONTROLS,122
AUTOMATICELEC,358,AUTOMATICELECLAB,1278
AUTOMOTIVECOMPONENTS,101.5,INTAUTOMOTIVECOMPONENTSGP,119.5
AVCO,1518,AVCOEVERETTRESEARCHLAB,58
AVERYDENNISON,1548,AVERYDENNISONRETAILINFORMATIONSVCS,249
AVIGILON,150,AVIGILONFORTRESS,56
AXIS,621,AXISUS,169
BABCOCKANDWILCOX,1328.8334,BABCOCKANDWILCOXPWRGENERATIONGP,74
BABCOCKANDWILCOX,1328.8334,BABCOCKANDWILCOXTECHNICALSVCSGP,51
BADISCHE,90,BADISCHEANILINANDSODAFABRIK,123
BAESYS,872.5,BAESYSCONTROLS,83.5
BAESYS,872.5,BAESYSHGGLUNDS,69
BAESYS,872.5,BAESYSLANDANDARMAMENTS,61
BAKERHUGHES,7043.75,BAKERHUGHESAGE,1289.5
BAKERHUGHES,7043.75,BAKERHUGHESOILFIELDOPERATIONS,135
BALDWINPIANO,76,BALDWINPIANOANDORGAN,207
BALLHORTICULTURAL,605.5,BALLFLORAPLANTADIVISIONOFBALLHORTICULTURAL,130
BALLYGAMING,1258.5,BALLYGAMINGINT,64.166664
BALZERS,183.5,BALZERSPATENTUNDBETEILIGUNGSAKTIEGESELLSCHAFT,70
BARMAG,411,BARMAGBARMERMASCHINENFABRIK,169
BASF,21049.416,BASFCATALYSTS,77
BASF,21049.416,BASFCOATINGS,509.5
BASF,21049.416,BASFENZYMES,78
BASF,21049.416,BASFFARBENFASERN,80
BASF,21049.416,BASFLACKEANDFARBEN,207
BASF,21049.416,BASFPLANTSCIENCE,296.66666
BASF,21049.416,BASFWYANDOTTE,587
BATHANDBODYWORKS,88,BATHANDBODYWORKSBRANDMGMT,63
BAXTER,139.5,BAXTERHEALTHCARE,489.41666
BAXTER,139.5,BAXTERINT,2171.9167
BAYER,727.33331,BAYERBIOSCIENCE,65
BAYER,727.33331,BAYERCROPSCIENCE,1358.5
BAYER,727.33331,BAYERHEALTHCARE,723
BAYER,727.33331,BAYERMATERIALSCIENCE,674.5
BAYER,727.33331,BAYERPHARM,18677.867
BAYER,727.33331,FARBENFABRIKENBAYER,57
BAYER,727.33331,NIHONBAYERAGROCHEM,102.83334
BBNTECH,127.66666,RAYTHEONBBNTECH,208
BEATRICE,166,BEATRICEFOODS,139
BECTONDICKINSON,4527.5,BECTONDICKINSONFRANCE,230
BELDEN,134,BELDENMFG,97
BELKIN,57,BELKININT,346
BEMIS,741.5,BEMISIND,61
BENDIX,10713,BENDIXCOMMLVEHICLESYS,395.5
BENDIX,10713,BENDIXEUROPESVCSTECHNIQUES,99
BENDIX,10713,BENDIXFRANCE,109
BENDIX,10713,BENDIXHOMEAPPLIANCES,94
BENDIX,10713,BENDIXSPICERFOUNDATIONBRAKE,99.5
BENDIX,10713,BENDIXWESTINGHOUSE,317
BENQ,691,BENQMATERIALS,74.5
BIOGEN,299,BIOGENIDEC,239
BIOTRONIK,342.5,BIOTRONIKMESSUNDTHERAPIEGERAETEINGENIEURBUEROBERLIN,60.5
BIOTRONIK,342.5,BIOTRONIKVIPATENT,253.33333
BISSELL,240.5,BISSELLCARPETSWEEPER,59
BISSELL,240.5,BISSELLHOMECARE,583
BOARDOFTRUSTEESOFUNIVERSITYOFALABAMA,141.5,BOARDOFTRUSTEESOFUNIVERSITYOFALABAMAFORANDONBEHALFOFUNIVERSITYOFALABAMA,89.166664
BOARDOFTRUSTEESOFUNIVERSITYOFALABAMAFORANDONBEHALFOFUNIVERSITYOFALABAMA,89.166664,BOARDOFTRUSTEESOFUNIVERSITYOFALABAMAFORANDONBEHALFOFUNIVERSITYOFALABAMAINHUNTSVILLE,91
BOEHRINGERINGELHEIMINT,1656.083,VITAEPHARMBOEHRINGERINGELHEIM,825.58331
BOEING,23114,BOEINGNORTHAMERN,90
BOFORS,270,BAESYSBOFORS,61
BOLIDEN,136,BOLIDENSGRUVAKTIEBOLAG,50
BOMBARDIER,431,BOMBARDIERMOTORUS,171
BOMBARDIER,431,BOMBARDIERRECREATIONALPROD,667
BORDEN,264,BORDENCHEM,78
BOREALIS,787,BOREALISTECHNICAL,166
BOREALIS,787,BOREALISWIND,61
BORGWARNER,5151.3335,BORGWARNERAUTOMOTIVE,361.5
BORGWARNER,5151.3335,BORGWARNERBERUSYS,59.5
BORGWARNER,5151.3335,BORGWARNERCHEM,90
BORGWARNER,5151.3335,BORGWARNERLUDWIGSBURG,80
BORGWARNERAUTOMOTIVE,361.5,BORGWARNERAUTOMOTIVETRANSMISSIONANDENGINECOMPONENTS,50
BOSCH,148,AMERNBOSCH,105
BOSCH,148,BOSCHAUTOMOTIVESVCSOLTNS,236
BOSCH,148,BOSCHREXROTH,204
BOSCH,148,ROBERTBOSCH,26445.26
BOSTONSCIENTIFIC,539,BOSTONSCIENTIFICNEUROMODULATION,1289
BOSTONSCIENTIFIC,539,BOSTONSCIENTIFICSCIMED,4882.5
BPCHEM,915.5,BPCHEMINT,143.5
BRACCO,81,BRACCODIAGNOSTICS,102
BRACCO,81,BRACCOINT,107
BRANDT,137,BRANDTAUTOMATICCASHIER,92
BRIDGESTONE,7142.0835,BRIDGESTONEAMERICASTIREOPERATIONS,397.5
BRIDGESTONE,7142.0835,BRIDGESTONEBANDAG,70.5
BRIDGESTONE,7142.0835,BRIDGESTONEFIRESTONE,459
BRIDGESTONE,7142.0835,BRIDGESTONESPORTS,1189
BRIDGESTONEFIRESTONE,459,BRIDGESTONEFIRESTONENORTHAMERNTIRE,194
BRIGHTYINHUEY,72,DONGGUANBRIGHTYINHUEYLIGHTING,99.5
BRITISHAEROSPACE,112.75,BRITISHAEROSPACEPUBLIC,320
BROSEFAHRZEUGTEILE,144,BROSEFAHRZEUGTEILEKGHALLSTADT,108.5
BROSEFAHRZEUGTEILE,144,BROSEFAHRZEUGTEILEKOMMANDITGESELLSCHAFTBAMBERG,60.5
BROSEFAHRZEUGTEILE,144,BROSEFAHRZEUGTEILEKOMMANDITGESELLSCHAFTCOBURG,227.5
BROSEFAHRZEUGTEILE,144,BROSEFAHRZEUGTEILEKOMMANDITGESELLSCHAFTWRZBURG,53.5
BROSEFAHRZEUGTEILE,144,BROSEFAHRZEUGTEILEKOMMANDITGESELLSCHAFTWUERZBURG,84.5
BROWNANDWILLIAMSON,130,BROWNANDWILLIAMSONTOBACCO,286
BRUNSWICK,2845.5,BRUNSWICKBOWLINGANDBILLIARDS,119
BULGARI,186,PARTECIPAZIONIBULGARI,98
BULLHNINFORMATIONSYS,652,BULLHNINFORMATIONSYSITALIA,57
CAMBRIDGERESEARCHANDINSTR,62,CAMBRIDGERESEARCHANDINSTRUMENTATION,61
CAMPBELL,72.5,CAMPBELLSOUP,218
CANADIANPATENTSANDDEV,764,CANADIANPATENTSANDDEVSOCCANADIENNEDESBREVETSETDEXPLOITATIONLIMITEE,54
CANON,81162.453,CANONANELVA,564.94446
CANON,81162.453,CANONCOMPONENTS,67.5
CANON,80598.45,CANONFINETECHNISCA,368
CANON,81162.453,CANONKABUHSIKI,58
CANON,81162.453,CANONPRODUCTIONPRINTING,59
CANON,81162.453,CANONUS,129
CARBOMEDICS,56,SULZERCARBOMEDICS,58
CARLISLE,53,CARLISLECHEMWORKS,88
CARLZEISS,441.16666,CARLZEISSINDUSTRIELLEMESSTECHNIK,165.5
CARLZEISS,441.16666,CARLZEISSJENA,248.5
CARLZEISS,441.16666,CARLZEISSMEDITEC,706.5
CARLZEISS,441.16666,CARLZEISSMICROIMAGING,150.33333
CARLZEISS,441.16666,CARLZEISSMICROSCOPY,486
CARLZEISS,441.16666,CARLZEISSNTS,71.833336
CARLZEISS,441.16666,CARLZEISSSMS,70.833336
CARLZEISS,441.16666,CARLZEISSSMT,1859.1666
CARLZEISS,441.16666,CARLZEISSSTIFTUNG,718.5
CARLZEISS,441.16666,CARLZEISSVISION,60
CARLZEISSSTIFTUNG,718.5,CARLZEISSSTIFTUNGHEIDENHEIMBRENZ,58.5
CARLZEISSVISION,60,CARLZEISSVISIONINT,113.83334
CARRIER,4204.5,CARRIERCOMMLREFRIGERATION,52.5
CARRIER,4204.5,CARRIERENG,90
CASSELLA,395.5,CASSELLAFARBWERKEMAINKUR,52
CATERPILLAR,10383.667,CATERPILLARGLOBALMININGEQUIPMENT,99.5
CATERPILLAR,10383.667,CATERPILLARGLOBALMININGEUROPE,72
CATERPILLAR,10383.667,CATERPILLARPAVINGPROD,422
CATERPILLAR,10383.667,CATERPILLARTRACTOR,2005
CATERPILLAR,10383.667,CATERPILLARTRIMBLECONTROLTECH,69
CELANESE,4791.5,CELANESEACETATE,61
CELANESE,4791.5,CELANESEINT,503
CELGENE,449.5,CELGENEQUANTICELRESEARCH,87
CERAMTEC,82,HOECHSTCERAMTEC,53
CHASE,186,JPMORGANCHASEBK,107.5
CHESEBROUGHPONDSUS,142.5,CHESEBROUGHPONDSUSDIVISIONOFCONOPCO,344
CHINAUNIVERSITYOFPETROLEUM,135.56667,CHINAUNIVERSITYOFPETROLEUMBEIJING,55.583332
CHISSO,1049.5,CHISSOPETROCHEMICAL,92.166664
CHIYODA,156.14285,CHIYODACHEMENGANDCONSTRUCTION,59.666668
CIBA,178,CIBASPECIALTYCHEM,1498.7
CIBASPECIALTYCHEM,1498.7,CIBASPECIALTYCHEMWATERTREATMENTS,96
CINCINNATIMILACRON,432.5,CINCINNATIMILACRONHEALD,53
CITIZEN,447.33334,CITIZENELECTRONICS,453.25
CITIZEN,447.33334,CITIZENWATCH,1743.4166
CLAAS,174,CLAASSELBSTFAHRENDEERNTEMASCHINEN,277
CLEARWATER,57,CLEARWATERINT,73
COGNIS,134,COGNISDEUTSCHLAND,205.5
COGNIS,134,COGNISIPMGMT,228
COLUMBUSMCKINNON,118,COLUMBUSMCKINNONCHAIN,129
COMBENG,118,INTCOMBENG,176
COMCASTCABLE,103,COMCASTCABLECOMM,1387.3334
COMCASTCABLECOMM,1387.3334,COMCASTCABLECOMMMGMT,58
CONAGRA,51,CONAGRAFOODSRDM,94
CONOPCO,1216,ELIZABETHARDENDIVISIONOFCONOPCO,130
CONOPCO,1216,GOODHUMORBREYERSICECREAMDIVISIONOFCONOPCO,66
CONOPCO,1216,LIPTONDIVISIONOFCONOPCO,183
CONOPCO,1216,UNILEVERHOMEANDPERSONALCAREUSDIVISIONOFCONOPCO,830
CONOPCO,1216,VANDENBERGHFOODSDIVISIONOFCONOPCO,153
CONSEDISON,68,CONSEDISONOFNEWYORK,70.333336
CONTAINER,638,CONTAINERDEV,80.5
CONTINENTAL,961.83331,CONTINENTALAUTOMOTIVEFRANCE,280.66666
CONTINENTAL,961.83331,CONTINENTALAUTOMOTIVESYS,2754.3333
CONTINENTAL,961.83331,CONTINENTALGUMMIWERKE,109
CONTINENTAL,961.83331,CONTINENTALMOTORS,447
CONTINENTAL,961.83331,CONTINENTALREIFENDEUTSCHLAND,267.5
CONTINENTAL,961.83331,CONTINENTALTEVESOHG,1409
CONTINENTAL,961.83331,CONTINENTALTIREAMERICAS,523
COPELAND,285,COPELANDPROD,67
COPELAND,285,COPELANDREFRIGERATION,50
CORDIS,995,CORDISNEUROVASCULAR,55
COREL,117,CORELOGICSOLTNS,79
CORNING,8019.0835,CORNINGGLASSWORKS,1197
CORNING,8019.0835,CORNINGOPTICALCOMM,730.5
CORNINGOPTICALCOMM,730.5,CORNINGOPTICALCOMMWIRELESS,119
CORTEC,76.5,CORTECH,52
COVESTRO,149.83333,COVESTRODEUTSCHLAND,464
CRANE,952.5,CRANEPACKING,227
CRANE,952.5,CRANEPLASTICS,80
CRANE,952.5,CRANERESISTOFLEX,91
CRUCIBLE,126,CRUCIBLEMATERIALS,237.5
CULLIGAN,51,CULLIGANINT,59
CUMMINS,1290.3334,CUMMINSEMISSIONSOLTNS,220
CUMMINS,1290.3334,CUMMINSENGINE,655.33331
CUMMINS,1290.3334,CUMMINSFILTRATION,416.5
CUMMINS,1290.3334,CUMMINSPWRGENERATION,149.5
CUMMINS,1290.3334,CUMMINSTURBOTECH,71
CURTISSWRIGHT,1894,CURTISSWRIGHTFLOWCONTROL,55
CUTLERHAMMER,1681,CUTLERHAMMERMFG,129
CYBEX,79,CYBEXINT,91
DADEBEHRING,114,DADEBEHRINGMARBURG,150.5
DAEWOOELECTRONICS,1316,DONGBUDAEWOOELECTRONICS,167
DAICEL,474.33334,DAICELCHEMIND,1133.0834
DAIMLERBENZ,3550.5,DAIMLERBENZAEROSPACE,145.5
DALEELECTRONICS,105,VISHAYDALEELECTRONICS,84
DANFOSS,1135,DANFOSSCOMPRESSORS,51
DANFOSS,1135,DANFOSSMICROCHANNELHEATEXCHANGERJIAXING,54
DANFOSS,1135,DANFOSSPWRSOLTNS,115.5
DANISCO,136,DANISCOUS,376
DASSAULTSYS,102.5,DASSAULTSYSTEMES,302
DASSAULTSYSTEMES,302,DASSAULTSYSTEMESSIMULIA,52
DASSAULTSYSTEMES,302,DASSAULTSYSTEMESSOLIDWORKS,51
DAYCO,847.5,DAYCOEUROPE,52.5
DECCA,131,DECCARECORD,94
DEERE,9450.833,JOHNDEERETRACTOR,55
DEGUSSA,1728.5,DEGUSSAHUELS,205.83333
DELAVAL,316,DELAVALSEPARATOR,402
DELAVAL,316,DELAVALSTEAMTURBINE,74
DELONGHI,87,DELONGHIAPPLIANCESSRLCONUNICOSOCIO,82.5
DELPHITECH,5323.3335,DELPHITECHHOLDINGSARL,66
DELTAELECTRONICS,2918,DELTAELECTRONICSTHAILANDPUBLIC,57
DENSO,16201.616,DENSOINTUS,572.16669
DENSO,16201.616,DENSOTEN,133.25
DENSO,16201.616,DENSOWAVE,224
DENSO,16201.616,NIPPONDENSO,2972.5
DEPUYSYNTHESPROD,2060.5,SYNTHES,311
DEPUYSYNTHESPROD,2060.5,SYNTHESUSPROD,224
DESOTO,341.83334,PRCDESOTOINT,151
DEUTSCHESKREBSFORSCHUNGSZENTRUM,89.833336,DEUTSCHESKREBSFORSCHUNGSZENTRUMSTIFTUNGDESOEFFENTLICHENRECHTS,140.33333
DIAMONDSHAMROCK,1080,DIAMONDSHAMROCKCHEM,65
DIEBOLD,550,DIEBOLDNIXDORFINCOPORATED,218
DIEBOLD,550,DIEBOLDSELFSVCSYSDIVISIONOFDIEBOLD,523
DIEHL,316.5,DIEHLAKOSTIFTUNG,190
DIEHL,316.5,DIEHLDEFENCE,85
DOOSAN,70.5,DOOSANHEAVYINDANDCONSTRUCTION,339.5
DOOSAN,70.5,DOOSANINFRACORE,203
DOWCHEM,17750,DOWCHEMMIDLAND,54
DOWCORNING,4216.4165,DOWCORNINGASIA,54.666668
DOWCORNING,4216.4165,DOWCORNINGTORAY,231.25
DOWCORNINGTORAY,231.25,DOWCORNINGTORAYSILICONE,505
DUNCANELEC,52,DUNCANELECMFG,102
DURACELL,219.5,DURACELLUSOPERATIONS,88
EASTERN,439.16666,EASTERNTOOLANDMFG,81
EASTMAN,52,EASTMANCHEM,1849.5
EASTMAN,52,EASTMANMACHINE,72
EASTMAN,52,EASTMANOILWELLSURVEY,98
EATON,285.5,EATONAEROQUIP,231.5
EATON,6923.6665,EATONAXLEANDSPRING,66
ECOLABUS,1438.5,ECOLABUSE,875
EDWARDSLIFESCIENCES,1141.5,EDWARDSLIFESCIENCESCARDIAQ,76
EICKHOFFMASCHINENFABRIK,54,GEBREICKHOFFMASCHINENFABRIKUEISENGIESSEREI,58.5
EIDUPONTDENEMOURS,36288.83,DUPONTTEIJINFILMSUSPARTNERSHIP,82
EINK,918,EINKCALIFORNIA,127
ELANPHARM,269.33334,ELANPHARMINT,77.5
ELECTRICITEDEFRANCE,291,ELECTRICITEDEFRANCEFRENCH,91.416664
ELECTROLUX,2054,ELECTROLUXAPPLIANCES,250.5
ELECTROLUX,2054,ELECTROLUXHOMEPROD,1117
ELECTROLUX,2054,ELECTROLUXPROFESSIONAL,64
ELECTROOPTICALSYS,77,EOSELECTROOPTICALSYS,122.5
ELFATOCHEM,465.83334,ELFATOCHEMNAM,292.83334
ELFFRANCE,109.83331,ELFATOCHEM,465.83334
ELOX,60,ELOXOFMICHIGAN,54
ELSTER,55.5,ELSTERELECTRICITY,85
ELSTER,55.5,ELSTERMETERING,55
EMHART,1194.5,EMHARTENTPR,6666
EMHART,1194.5,EMHARTGLASS,344
EMHARTGLASS,344,EMHARTGLASSMACHINERYIVT,86
EMULEX,83,EMULEXDESIGNANDMFG,135
ENDRESSANDHAUSER,745,ENDRESSANDHAUSERCONDUCTA,170
ENDRESSANDHAUSER,745,ENDRESSANDHAUSERFLOWTEC,520
ENDRESSANDHAUSER,745,ENDRESSANDHAUSERPROCESSSOLTNS,68
ENDRESSANDHAUSER,745,ENDRESSANDHAUSERWETZER,59.5
ENDRESSANDHAUSERCONDUCTA,170,ENDRESSANDHAUSERCONDUCTAGESELLSCHAFTFUERMESSUNDREGELTECHNIK,142
ENGELHARD,956.5,ENGELHARDMINERALSANDCHEM,326
ERICSSON,2971.5,TELEFONAKTIEBOLAGETLMERICSSONPUBL,20440.533
ESSELTE,109,ESSELTEPENDAFLEX,118
ESSEXINT,158,SUPERIORESSEXINT,227
ESSILORINT,947,ESSILORINTCOMPAGNIEGENERALEDOPTIQUE,290
ETHICON,3664.8333,ETHICONENDOSURGERY,2168.3333
EUROCOPTER,426.5,EUROCOPTERDEUTSCHLAND,112.33334
EVISION,50,EVISIONSMARTOPTICS,51
EVONIK,66.5,EVONIKOPERATIONS,213.5
EVONIK,66.5,EVONIKSTOCKHAUSEN,84
EXPRESSSCRIPTS,68,EXPRESSSCRIPTSSTRATEGICDEV,114
FALLBROOK,110,FALLBROOKTECH,112
FANSTEEL,253,FANSTEELPROD,53
FARMACEUTICIITALIA,102,SOCIETAFARMACEUTICIITALIA,56
FARNSWORTHTELEVISION,56,FARNSWORTHTELEVISIONANDRADIO,190
FCI,279.5,FCIUS,400.5
FEDELEC,51,FEDELECPROD,115
FEDERALMOGUL,675,FEDERALMOGULBOWERBEARINGS,104
FEDERALMOGUL,675,FEDERALMOGULBURSCHEID,104
FEDERALMOGUL,675,FEDERALMOGULIGNITION,305.5
FEDERALMOGUL,675,FEDERALMOGULMOTORPARTS,58
FEDERALMOGUL,675,FEDERALMOGULPOWERTRAIN,103.5
FEDERALMOGUL,675,FEDERALMOGULWIESBADEN,64
FEDERALMOGUL,675,FEDERALMOGULWORLDWIDE,449.5
FERRO,793.66669,FERROFLUIDICS,100
FERRO,793.66669,FERROSTAMPING,55
FERRO,793.66669,FERROTECUS,51
FIAT,246,CENTRORICERCHEFIAT,64
FIAT,246,FIATAUTO,251.5
FIDES,288,FIDESBEHEER,81
FIDIA,96,FIDIAFARMACEUTICI,66.833336
FISHERANDPAYKELHEALTH,138,FISHERANDPAYKELAPPLIANCES,85
FISHERANDPAYKELHEALTH,138,FISHERANDPAYKELHEALTHCARE,640
FORSCHUNGSZENTRUMKARLSRUHE,166,KERNFORSCHUNGSZENTRUMKARLSRUHE,209.5
FORTJAMES,312,FORTJAMESOFVIRGINIA,159
FOSECO,60,FOSECOINT,266
FRAMATOME,674.33331,FRAMATOMECONNECTORSINT,288
FRANCAISEDUFERODO,130,SOCANONYMEFRANCAISEDUFERODO,118
FRANCETELECOM,1177.6666,FRANCETELECOMETABLISSEMENTAUTONOMEDEDROITPUBLIC,82
FRESENIUSKABIDEUTSCHLAND,140.5,KABI,82
FRESENIUSMEDICAL,174,FRESENIUSMEDICALCARE,415.83334
FRESENIUSMEDICALCARE,415.83334,FRESENIUSMEDICALCAREDEUTSCHLAND,606.83331
FRIDEN,131,FRIDENCALCULATINGMACHINE,92
FRIEDKRUPP,256,FRIEDKRUPPGERMANIAWERFT,55
FRIEDKRUPP,256,FRIEDKRUPPGESELLSCHAFTMITBESCHRANKTERHAFTUNG,257
FRIEDRICHGROHE,318,FRIEDRICHGROHEARMATURENFABRIK,78
FUJI,551.16669,FUJIBAKELITE,245
FUJI,551.16669,FUJICHEMIND,64.5
FUJI,551.16669,FUJIELEC,4218.0332
FUJI,551.16669,FUJIFILM,13940.083
FUJI,551.16669,FUJIMACHINEMFG,349.33334
FUJI,551.16669,FUJIMAGNETICS,77
FUJI,551.16669,FUJIPHOTOFILM,16433.5
FUJI,551.1667,FUJIXEROX,11688.202
FUJIELEC,4218.0332,FUJIELECCOMPONENTSANDSYS,120.5
FUJIELEC,4218.0332,FUJIELECDEVICETECH,148.5
FUJIFILM,13940.083,FUJIFILMBUSINESSINNOVATION,379
FUJIFILM,13940.083,FUJIFILMDIMATIX,173.5
FUJIFILM,13940.083,FUJIFILMELECTRONICMATERIALSUS,73.5
FUJIFILM,13940.083,FUJIFILMIMAGINGCOLORANTS,87.5
FUJIFILM,13940.083,FUJIFILMMFGEUROPE,89.5
FUJIFILM,13940.083,FUJIFILMSONOSITE,100.5
FUJITSU,38796.863,FUJITSUCLIENTCOMPUTING,62.5
FUJITSU,38796.863,FUJITSUCOMPONENT,743.83331
FUJITSU,38796.863,FUJITSUFANUC,187
FUJITSU,38796.863,FUJITSUFRONTECH,163.16667
FUJITSU,38796.863,FUJITSUGEN,296.5
FUJITSU,38796.863,FUJITSUMEDIADEVICES,125.83334
FUJITSU,38796.863,FUJITSUMICROELECTRONICSSOLTNS,461.8262
FUJITSU,38796.863,FUJITSUMOBILECOMM,156
FUJITSU,38796.863,FUJITSUNETWORKCOMM,109
FUJITSU,38796.863,FUJITSUQUANTUMDEVICES,107
FUJITSU,38796.863,FUJITSUSEMICONDUCTOR,1742.9207
FUJITSU,38796.863,FUJITSUSIEMENSCOMPUTERS,64.5
FUJITSU,38796.863,FUJITSUTAKAMISAWACOMPONENT,108
FUJITSU,38796.863,FUJITSUTECHSOLTNS,88
FUJITSU,38796.863,FUJITSUVLSI,80
FURUKAWA,58.333332,FURUKAWAAUTOMOTIVESYS,97.916664
FURUKAWA,58.333332,FURUKAWAELEC,2154.0762
FURUKAWAELEC,2154.0762,FURUKAWAELECNAM,51
GAF,500,GAFCHEM,5354
GALDERMA,92,CENTREINTDERECHERCHESDERMATOLOGIQUESGALDERMA,123
GALDERMA,92,GALDERMARESEARCHANDDEV,283
GARMIN,340,GARMININT,92
GARMIN,340,GARMINSWITZERLAND,311
GEHEALTHCARE,383.83334,GEHEALTHCAREBIOSCIENCES,518.5
GEMEDICALSYS,58,GEMEDICALSYSGLOBALTECH,1319.8334
GEMEDICALSYS,58,GEMEDICALSYSINFORMATIONTECH,178
GEMPLUS,159.5,GEMPLUSCARDINT,111.33334
GENATOMIC,135,GENATOMICS,313
GENATOMIC,135,GULFGENATOMIC,62
GENDYNAMICS,2055,GENDYNAMICSADVANCEDINFORMATIONSYS,127
GENDYNAMICS,2055,GENDYNAMICSC4SYS,81
GENDYNAMICS,2055,GENDYNAMICSCONVAIRDIVISION,67
GENDYNAMICS,2055,GENDYNAMICSPOMONADIVISIONMZ125,205
GENELEC,87432,CANADIANGENELEC,94
GENELEC,87432,EDISONGENELECAPPLIANCE,121
GENELEC,87432,GEHEALTHCARE,383.83334
GENELEC,87432,GEMEDICALSYS,58
GENELEC,87432,GENELECCAN,158.5
GENELEC,87432,GENELECCAPITAL,55
GENELEC,87432,GENELECCGR,101.5
GENELEC,87432,GENELECXRAY,133
GENINSTR,1423.5,GENINSTROFDELAWARE,51.5
GENMILLS,2130.5,GENMILLSCHEM,65.5
GENPRECISION,766,GENPRECISIONLAB,318
GENPRECISION,766,GENPRECISIONSYS,93
GEORGFISCHER,341.83334,GEORGFISCHERROHRLEITUNGSSYSTEME,63
GEORGIAPACIFIC,415,GEORGIAPACIFICCHEM,147.5
GEORGIAPACIFIC,415,GEORGIAPACIFICCONSUMERPROD,371.5
GEORGIAPACIFIC,415,GEORGIAPACIFICFRANCE,104
GEORGIAPACIFIC,415,GEORGIAPACIFICGYPSUM,57.5
GEORGIAPACIFIC,415,GEORGIAPACIFICRESINS,104
GILLETTE,3085.5,GILLETTECAN,148
GIVAUDAN,702.16669,GIVAUDANROUREINT,75
GLANZSTOFF,251,AMERNGLANZSTOFF,68
GLAXOSMITHKLINE,970.16669,GLAXOSMITHKLINEBIOLOGICALS,382.5
GLAXOSMITHKLINE,970.16669,GLAXOSMITHKLINECONSUMERHEALTHCAREUK,92
GLAXOSMITHKLINE,970.16669,GLAXOSMITHKLINEINTELLECTUALPROPERTYDEV,238.33333
GODADDY,69,GODADDYOPERATING,238.5
GOODRICH,4796.5,BFGOODRICH,1667
GOODRICH,4796.5,GOODRICHACTUATIONSYSSAS,141
GOODRICH,4796.5,GOODRICHCONTROLSYS,53
GOODRICH,4796.5,GOODRICHGULFCHEM,55
GOODRICH,4796.5,GOODRICHLIGHTINGSYS,131.5
GOULD,671,GOULDNATLBATTERIES,78
GOULD,671,GOULDSPUMPS,75
GRACO,214.5,GRACOCHILDRENSPROD,362
GRACO,214.5,GRACOMINNESOTA,449.5
GRAFLEX,120,FOLMERGRAFLEX,107
GRAPHICPACKAGING,50.5,GRAPHICPACKAGINGINT,806
GRASS,153.5,GRASSUS,60
GREATBATCH,570.5,WILSONGREATBATCHTECH,284
GROHE,402,FRIEDRICHGROHE,318
GRUNDFOS,200.83333,GRUNDFOSMGMT,103
GSYUASA,110,GSYUASAINT,505
HALCON,60,HALCONINT,271
HALCON,60,HALCONSDGP,82
HALLIBURTON,2064.8333,HALLIBURTONENERGYSVCS,9120.167
HALLIBURTON,2064.8333,HALLIBURTONLOGGINGSVCS,118.5
HALOID,110,HALOIDXEROX,105
HAMILTONSUNDSTRAND,2990,HAMILTONSUNDSTRANDSPACESYSINT,74
HARDINGE,54,HARDINGEBROS,153
HARRIS,3674.1667,HARRISSEYBOLD,80
HARTING,50.5,HARTINGELEC,155
HARTINGELEC,155,HARTINGELECTRONICS,83
HARVEL,112,HARVELRES,104
HASLER,71,ASCOMHASLERMAILINGSYS,56.5
HAYASHIBARA,142.25,HAYASHIBARASEIBUTSUKAGAKUKENKYUJO,367.83334
HAZELTINE,591,HAZELTINERESEARCH,672
HBFULLER,502,HBFULLERLICENSINGANDFINANCING,200
HEBERLEIN,107.5,HEBERLEINPATENT,149
HENKEL,3394.3333,HENKELKOMMANDITGESELLSCHAFTAUFAKTIEN,2177.6667
HENKEL,3394.3333,HENKELLOCTITE,66
HENKEL,3394.3333,HENKELU,89.5
HERBERTS,79,HERBERTSGESELLSCHAFTMITBESCHRANKTERHAFTUNG,77
HERCULES,3042,HERCULESPOWDER,1263
HEWLETTPACKARDDEV,,HEWLETTPACKARDINDIGO,150
HEWLETTPACKARDDEV,,HPINDIGO,361
HEXCEL,289.5,HEXCELCOMPOSITES,78.5
HEXION,670.5,HEXIONSPECIALTYCHEM,67
HISENSE,113,HISENSEBROADBANDMULTIMEDIATECH,61.333332
HISENSE,113,HISENSEMOBILECOMMTECH,50.833332
HISENSE,113,HISENSEUS,155.5
HITACHI,43088.023,HITACHIALOKAMEDICAL,73.333336
HITACHI,43088.023,HITACHIAUTOMOTIVESYS,2082.5
HITACHI,43088.023,HITACHICABLE,782.86664
HITACHI,43088.023,HITACHICARENG,223.33333
HITACHI,43088.023,HITACHICHEM,1570.21
HITACHI,43088.023,HITACHICOMMTECH,134.91667
HITACHI,43088.023,HITACHICONSTRUCTIONMACHINERY,1189.8667
HITACHI,43088.023,HITACHICONSUMERELECTRONICS,327.48334
HITACHI,43088.023,HITACHIDENSHI,188.41667
HITACHI,43088.023,HITACHIDEVICEENG,173.5
HITACHI,43088.023,HITACHIDISPLAYS,961
HITACHI,43088.023,HITACHIGLOBALSTORAGETECHJAPAN,287.80951
HITACHI,43088.023,HITACHIHIGHTECH,3283
HITACHI,43088.023,HITACHIKOKI,1209.8334
HITACHI,43088.023,HITACHIMEDIAELECTRONICS,193.5
HITACHI,43088.023,HITACHIMETALS,2155.6667
HITACHI,43088.023,HITACHIMICROCOMPUTERSYS,122.75
HITACHI,43088.023,HITACHIOMRONTERMINALSOLTNS,90.5
HITACHI,43088.023,HITACHIPLANTSVCS,133.33333
HITACHI,43088.023,HITACHIPOWDEREDMETALS,115.58334
HITACHI,43088.023,HITACHIPRINTINGSOLTNS,50.5
HITACHI,43088.023,HITACHISHIPBUILDINGANDENG,121.5
HITACHI,43088.023,HITACHITELECOMTECH,57.25
HITACHI,43088.023,HITACHIULSISYS,349.83334
HITACHI,43088.023,HITACHIUS,176.5
HITACHI,43088.023,HITACHIVEHICLEENERGY,60
HITACHI,43088.023,HITACHIVIDEOANDINFORMATIONSYS,55.5
HITACHI,43088.023,HITACHIVLSIENG,102
HITACHI,43088.023,HITACHIZOSEN,239.92424
HITACHILGDATASTORAGE,289,HITACHILGDATASTORAGEKOREA,70
HOECHST,8926.75,AMERNHOECHST,255
HOECHST,8926.75,HOECHSTJAPAN,63.5
HOECHST,8926.75,HOECHSTMARIONROUSSEL,231.5
HOECHST,8926.75,HOECHSTROUSSELPHARM,534
HOECHST,8926.75,SOCFRANCAISEHOECHST,87
HOFFMANNLAROCHE,4097.3335,FHOFFMANNLAROCHE,2041.2
HOOKERCHEM,1140,HOOKERCHEMANDPLASTICS,328.5
HOOVER,1902,HOOVERUNIVERSAL,437
HORIBA,625.08331,HORIBAINSTR,58.833332
HOWMEDICA,179.5,HOWMEDICAOSTEONICS,562
HUAWEITECH,16103.866,HUAWEITECHCAN,59
HUBBELL,2209,HARVEYHUBBELL,120
HUNTERDOUGLAS,828,HUNTERDOUGLASIND,63
HUNTERDOUGLAS,828,HUNTERDOUGLASINT,156
HUPP,203,HUPPMOTORCAR,61
HUSKY,79,HUSKYINJECTIONMOLDINGSYS,669.5
HUSQVARNA,654,HUSQVARNAZENOAH,52
HYDRAULICPRESS,69,HYDRAULICPRESSMFG,54
HYDRIL,423,HYDRILUSDISTRIBUTION,50
HYDRIL,423,HYDRILUSMFG,65
HYSTER,118,HYSTERYALEGP,52
IDEALIND,478,IDEALINDLIGHTING,146
ILLUMINA,586.5,ILLUMINACAMBRIDGE,182.16667
INCYTE,1024,INCYTEGENOMICS,163
INFINEONTECH,12976.783,INFINEONTECHAMERICAS,264
INFINEONTECH,12976.783,INFINEONTECHAUSTRIA,1641.5
INFINEONTECH,12976.783,INFINEONTECHDRESDEN,128.5
INFINEONTECH,12976.783,INFINEONTECHUS,252.28334
INGERSOLLRAND,3105,INGERSOLLRANDINDUS,57
INNOLUX,1022.1667,INNOLUXDISPLAY,214.5
INSTITUTEOFNUCLEARENERGYRESEARCH,83,ATOMICENERGYCOUNCILINSTITUTEOFNUCLEARENERGYRESEARCH,55.5
INSTITUTEOFNUCLEARENERGYRESEARCH,83,INSTITUTEOFNUCLEARENERGYRESEARCHATOMICENERGYCOUNCIL,141
INTERSIL,173,INTERSILAMERICAS,918
INTERVET,161.5,INTERVETINT,93.75
INTIERAUTOMOTIVE,138.5,INTIERAUTOMOTIVECLOSURES,72.5
INTPAPER,1614.5,INTPAPERCAN,90
INTUITIVESURGICAL,120,INTUITIVESURGICALOPERATIONS,1424
INVENSAS,523,INVENSASBONDINGTECH,56
INVENTEC,1342.5,INVENTECAPPLIANCES,276.5
INVENTEC,1342.5,INVENTECMULTIMEDIAANDTELECOM,62.5
IRVING,70,IRVINGAIRCHUTE,84
ISHIDA,365,ISHIDAKOKISEISAKUSHO,122.5
ISHIDA,365,ISHIDASCALESMFG,56
ITALTEL,121,ITALTELSOCIETAITALIANATELECOMUNICAZIONI,114.33334
ITW,109,ITWDEFRANCE,70
IVOCLAR,88,IVOCLARVIVADENT,438.5
IXYS,205,IXYSINTEGRATEDCIRCUITSDIVISION,79
JABIL,70,JABILCIRCUITSHANGHAI,55.5
JACKANDHEINTZ,154,JACKANDHEINTZPRECIND,98
JACKSONANDPERKINS,163,JACKSONANDPERKINSWHOLESALE,122
JAMESRIVER,108,JAMESRIVEROFNEVADA,372
JAMESRIVER,108,JAMESRIVERPAPER,54
JAPANDISPLAY,3706.5,JAPANDISPLAYCENTRAL,64.5
JAPANDISPLAY,3706.5,JAPANDISPLAYWEST,192
JEFFREYMFG,724,GALIONJEFFREYMFG,56
JERVIS,54,JERVISBWEBB,255
JGC,114.58334,JGCCATALYSTSANDCHEM,76.833336
JNC,406,JNCPETROCHEMICAL,156.94444
JOHANNESHEIDENHAIN,93,DRJOHANNESHEIDENHAIN,746.5
JOHNMEZZALINGUAASS,61,JOHNMEZZALINGUAASSOCIATES,462.5
JOHNSHOPKINSUNIVERSITY,2626.95,JOHNSHOPKINSUNIVERSITYSCHOOLOFMEDICINE,280.66666
JOHNSMANVILLE,1994,JOHNSMANVILLEINT,175
JOHNSONELEC,505.5,JOHNSONELECINT,204
JPMORGANCHASEBK,107.5,JPMORGANCHASEBKNA,1083
JTEKT,1978.25,JTEKTEUROPE,56
JUKI,258.75,TOKYOJUKIIND,105
JULIUSBLUM,332,JULIUSBLUMGESELLSCHAFT,241
JXNIPPONOILANDENERGY,260.75,JXNIPPONMININGANDMETALS,436
JXNIPPONOILANDENERGY,260.75,NIPPONMININGANDMETALS,162
JXNIPPONOILANDENERGY,260.75,NIPPONOIL,872.2262
KAO,3358.8167,KAOGERMANY,106
KARLSTORZ,1269.5,KARLSTORZIMAGING,158.5
KEIPER,242.5,KEIPERAUTOMOBILTECHNIK,51
KELCO,133,CPKELCOUS,55.5
KEYSIGHTTECH,343.5,KEYSIGHTTECHSINGAPORESALES,106
KHS,469,KHSCORPOPLAST,86
KIKKOMAN,199.83333,KIKKOMANSHOYU,53.5
KIMBERLYCLARK,2005,KIMBERLYCLARKWORLDWIDE,4889.6665
KLA,116.5,KLAINSTR,50
KLA,116.5,KLATENCOR,2373
KNOLL,448.5,KNOLLINT,94
KNORRBREMSE,207,KNORRBREMSESYSTEMEFUERNUTZFAHRZEUGE,572.5
KNORRBREMSE,207,KNORRBREMSESYSTEMEFURSCHIENENFAHRZEUGE,166.5
KOBESTEEL,1749.4833,KOBESEIKOSHOKOBESTEEL,1143.6929
KOCH,108,KOCHGLITSCH,98.5
KODAKPOLYCHROME,114.5,KODAKPOLYCHROMEGRAPHICS,297
KOERBER,76,HAUNIWERKEKOERBER,280
KOHLER,2931.5,KOHLERFRANCESAS,77
KOHLER,2931.5,KOHLERMIRA,143
KOMATSU,3428.25,APPLIEDKOMATSUTECH,56
KOMATSU,3428.25,KOMATSUELECTRONICMETALS,132.75
KOMORI,355.5,KOMORIPRINTINGMACHINERY,61.5
KONAMI,456.33334,KONAMIDIGITALENTMT,496.5
KONAMI,456.33334,KONAMIGAMING,257
KONE,933,KONEELEVATOR,123
KONECRANES,83.5,KONECRANESGLOBAL,96.5
KONICAMINOLTA,4863.9658,KONICAMINOLTAADVANCEDLAYERS,50
KONICAMINOLTA,4863.9658,KONICAMINOLTABUSINESSTECH,2510
KONICAMINOLTA,4863.9658,KONICAMINOLTALABUS,439.5
KONICAMINOLTA,4863.9658,KONICAMINOLTAMEDICALANDGRAPHIC,488.83334
KONICAMINOLTA,4863.9658,KONICAMINOLTAPHOTOIMAGING,80
KONICAMINOLTA,4863.9658,KONICAMINOLTASENSING,72
KOPPERS,348.5,HEINRICHKOPPERS,52
KOPPERS,348.5,KOPPERSDELAWARE,139
KORBER,138,HAUNIWERKEKORBER,341
KRONES,912,KRONESHERMANNKRONSEDER,84
KUREHA,472.66666,KUREHACHEMIND,123.83334
KUREHA,472.66666,KUREHAKAGAKUKOGYO,877.33331
KYOCERA,6481.2358,KYOCERADOCUMENTSOLTNS,4784
KYOCERA,6481.2358,KYOCERAWIRELESS,247
KYUSHUUNIVERSITY,53.216667,KYUSHUUNIVERSITYNATLUNIVERSITY,162.83333
L3COMM,556.20001,L3COMMINTEGRATEDSYS,110
L3COMM,556.20001,L3COMMSECURITYANDDETECTIONSYS,79
LANDISANDGYR,181.33333,LANDISANDGYRINNOVATIONS,134
LANDISANDGYR,181.33333,LGZLANDISANDGYRZUG,369
LANXESS,71.833336,LANXESSDEUTSCHLAND,351.66666
LAZBOY,181,LAZBOYCHAIR,66
LEICA,54,LEICABIOSYSTEMSNUSSLOCH,111
LEICA,54,LEICACAMERA,81.5
LEICA,54,LEICAGEOSYSTEMS,394.5
LEICA,54,LEICAINSTRSINGAPORE,77.5
LEICA,54,LEICAMICROSYSTEMS,233.5
LEICAMICROSYSTEMS,233.5,LEICAMICROSYSTEMSCMS,353
LEICAMICROSYSTEMS,233.5,LEICAMICROSYSTEMSHEIDELBERG,117
LEICAMICROSYSTEMS,233.5,LEICAMICROSYSTEMSWETZLAR,62.5
LEOPHARM,62,LEOPHARMPROD,137
LEYBOLD,477.5,LEYBOLDVAKUUM,53
LGNORTEL,58.5,LGNORTELCOMM,62.5
LIFESCAN,317,LIFESCANSCOTLAND,119
LIFETECH,1517.1666,LIFETECHSCIENTIFICSHENZHEN,57
LIFETECH,1517.1666,MICROLIFETECHNICS,68
LIGHTLAB,114,LIGHTLABIMAGING,88
LINDE,1961.1666,LINDEMATERIALHANDLING,56.5
LINDEMATERIALHANDLING,56.5,LINDEMATERIALHANDLINGUK,68
LINOTYPE,85,LINOTYPEANDMACHINERY,122
LINOTYPE,85,MERGENTHALERLINOTYPE,479
LION,286.48334,LIONFATOIL,50
LOCKHEED,1713.5,LOCKHEEDAIRCRAFT,57
LOCKHEED,1713.5,LOCKHEEDSANDERS,548
LOCKHEEDMARTIN,4954.1167,LOCKHEEDMARTINENERGY,256.5
LOCKHEEDMARTIN,4954.1167,LOCKHEEDMARTINIDAHOTECH,96.5
LOCKHEEDMARTIN,4954.1167,LOCKHEEDMARTINMISSILESANDSPACE,280
LOGITECH,107,LOGITECHEUROPE,894
LOHMANN,62,LTSLOHMANNTHERAPIESYSTEME,348
LOMALINDAUNIVERSITY,56.5,LOMALINDAUNIVERSITYMEDICALCENTER,139.83333
LORD,771.5,LORDMFG,130
LOREAL,5613,LOREALUSCREATIVE,69
LOTTE,57.5,LOTTEADVANCEDMATERIALS,138.5
LOTTE,57.5,LOTTECHEM,78.083336
LUBRIZOL,1720.5,LUBRIZOLADVANCEDMATERIALS,189.5
LUBRIZOL,1720.5,LUBRIZOLDEV,76
LUKLAMELLENUNDKUPPLUNGSBAU,309,LUKLAMELLENUNDKUPPLUNGSBAUBETEILIGUNGS,393.33334
LUMENS,140,NANOLUMENSACQUISITION,75
LUMINATION,78,GELCORENOWLUMINATION,74.5
LUND,80,LUNDMOTIONPROD,57
MACDERMID,188.5,MACDERMIDENTHONE,82
MAGNAVOX,529,MAGNAVOXGOVERNMENTANDINDELECTRONICS,78
MAGNETIMARELLI,366.5,FABBRICAITALIANAMAGNETIMARELLI,53
MAGNETIMARELLI,366.5,MAGNETIMARELLIPOWERTRAIN,118
MAHLE,179.36667,MAHLEFILTERSYSJAPAN,67
MAHLE,179.36667,MAHLEINT,1072.8667
MAKITA,1544.8334,MAKITAELECWORKS,78
MALLINCKRODT,1441.1666,MALLINCKRODTCHEM,203
MALLINCKRODT,1441.1666,MALLINCKRODTHOSPITALPROD,79
MANITOWOC,103,MANITOWOCCRANE,109
MANNANDHUMMEL,829.5,FILTERWERKMANNANDHUMMEL,299.5
MANVILLE,280.5,JOHNSMANVILLE,1994
MAQUET,106,MAQUETCARDIOVASCULAR,119
MAQUET,106,MAQUETCRITICALCARE,128
MARCONICOMM,245,MARCONICOMMERCESYS,63
MARIETTA,1011.5,AMERNMARIETTA,100
MARKEM,91,MARKEMMACHINE,54
MASCO,234.33333,MASCOBATH,62
MASCO,234.33333,MASCOOFINDIANA,1305.5
MAUSERWERKE,121.5,MAUSERWERKEOBERNDORFMASCHINENBAU,70
MAXELL,375.5,HITACHIMAXELL,1089.8928
MAXLINEAR,593,MAXLINEARASIASINGAPORE,62
MCBEE,119,ROYALMCBEE,187
MCCORD,100,MCCORDRADIATORANDMFG,109
MCGILLUNIVERSITY,241.83333,ROYALINSTITUTIONFORADVANCEMENTOFLEARNINGMCGILLUNIVERSITY,163
MCKAY,72,MCKAYMACHINE,82
MCKESSON,74.5,MCKESSONAUTOMATIONSYS,56.5
MCKESSON,74.5,MCKESSONFIN,113
MCNEIL,218,MCNEILAB,310
MEADJOHNSON,321,MEADJOHNSONNUTRITION,99
MEADWESTVACO,771.5,MEADWESTVACOCALMAR,108
MEADWESTVACO,771.5,MEADWESTVACOPACKAGINGSYS,121
MEDEX,69,KYOWAMEDEX,65.833336
MEDIATEK,3943,MEDIATEKSINGAPORE,537
MEDIPHYSICS,92.5,NIHONMEDIPHYSICS,122
MEDTRONIC,7747.1665,MEDTRONICABLATIONFRONTIERS,84
MEDTRONIC,7747.1665,MEDTRONICADVANCEDENERGY,55
MEDTRONIC,7747.1665,MEDTRONICARDIANLUXEMBOURG,237
MEDTRONIC,7747.1665,MEDTRONICAVE,111
MEDTRONIC,7747.1665,MEDTRONICCRYOCATH,164
MEDTRONIC,7747.1665,MEDTRONICMINIMED,892.5
MEDTRONIC,7747.1665,MEDTRONICNAVIGATION,193.5
MEDTRONIC,7688.167,MEDTRONICPHYSIOCONTROLMFG,60
MEDTRONIC,7747.1665,MEDTRONICVASCULAR,771
MEDTRONIC,7747.1665,MEDTRONICXOMED,263
MEIJISEIKA,438.83334,MEIJISEIKAPHARM,85
MEKRALANG,58,MEKRALANGNAM,116.5
MELLANOXTECH,383.5,MELLANOXTECHTLV,99
MERCK,5030.9165,MERCKFROSSTCAN,287.33334
MERCK,5030.9165,MERCKPATENT,2608.8333
MERCKPATENT,2608.8333,MERCKPATENTGESELLSCHAFTMITBESCHRANKTER,53
MERCKPATENTGESELLSCHAFTMITBESCHRANKTER,53,MERCKPATENTGESELLSCHAFTMITBESCHRANKTERHAFTUNG,1175.5
MERITORLIGHTVEHICLESYSUK,127.5,ARVINMERITORLIGHTVEHICLESYSUK,78
MESSERSCHMITTBOELKOWBLOHM,157.5,MESSERSCHMITTBOELKOWBLOHMGESELLSCHAFTMITBESCHRAENKTERHAFTUNG,180
METSOPAPER,575.56665,METSOPAPERKARLSTAD,57
MEYERMFG,180,GEOJMEYERMFG,162
MICHIGANTECHNOLOGICALUNIVERSITY,57.333332,BOARDOFCONTROLOFMICHIGANTECHNOLOGICALUNIVERSITY,93.5
MICROCHIPTECH,1006,MICROCHIPTECHGERMANYII,53
MICROFOCUS,313,MICROFOCUSSOFTWARE,53
MIKUNI,181.83333,MIKUNIKOGYO,56
MILACRON,1001,CINCINNATIMILACRON,432.5
MILESTONE,50.5,MILESTONEENTMT,53
MINNEAPOLISMOLINE,65,MINNEAPOLISMOLINEPWR,88
MINOLTA,3193.6667,MINOLTACAMERA,3066.6667
MITEL,307,MITELNETWORKS,281
MITEL,307,MITELSEMICONDUCTOR,51
MITSUBA,408.5,MITSUBAELECMFG,150
MITSUBISHI,178.23334,MITSUBISHIAIRCRAFT,161.66667
MITSUBISHI,178.23334,MITSUBISHIALUMINUM,55.709522
MITSUBISHI,178.23334,MITSUBISHICABLEIND,194
MITSUBISHI,178.23334,MITSUBISHICEMENT,66.333336
MITSUBISHI,178.23334,MITSUBISHICHEM,2500.1833
MITSUBISHI,178.23334,MITSUBISHIDENKI,480
MITSUBISHI,178.23334,MITSUBISHIENGPLASTICS,264.16666
MITSUBISHI,178.23334,MITSUBISHIFUSOTRUCKANDBUS,87.5
MITSUBISHI,178.23334,MITSUBISHIGASCHEM,1966.1666
MITSUBISHI,178.23334,MITSUBISHIHEAVYIND,3961.8291
MITSUBISHI,178.23334,MITSUBISHIJIDOSHAKOGYO,22471.777
MITSUBISHI,178.23334,MITSUBISHIJUKOGYO,1187.0596
MITSUBISHI,178.23334,MITSUBISHIKAGAKUMEDIA,53
MITSUBISHI,178.23334,MITSUBISHIKASEI,572.78333
MITSUBISHI,178.23334,MITSUBISHIKINZOKU,183.83333
MITSUBISHI,178.23334,MITSUBISHIMATERIALS,1279.6167
MITSUBISHI,178.23334,MITSUBISHINUCLEARFUEL,64.5
MITSUBISHI,178.23334,MITSUBISHIOIL,55
MITSUBISHI,178.23334,MITSUBISHIPAPERMILLS,630.83331
MITSUBISHI,178.23334,MITSUBISHIPENCIL,490.16666
MITSUBISHI,178.23334,MITSUBISHIPETROCHEMICAL,633.58331
MITSUBISHI,178.23334,MITSUBISHIPHARM,61.333332
MITSUBISHI,178.23334,MITSUBISHIPOLYESTERFILM,223.5
MITSUBISHI,178.23334,MITSUBISHIPWR,133.5
MITSUBISHI,178.23334,MITSUBISHIRAYON,1464.5
MITSUBISHI,178.23334,MITSUBISHISEMICONDUCTORUS,53
MITSUBISHI,178.23334,MITSUBISHISHINDOH,73
MITSUBISHI,178.23334,MITSUBISHISTEELMFG,106.33334
MITSUBISHI,178.23334,MITSUBISHITANABEPHARM,205.16667
MITSUBISHI,178.23334,SUMCO,472
MITSUBISHIELEC,13735.791,MITSUBISHIELECINFORMATIONTECHCENTREEUROPE,84
MITSUBISHIELEC,13735.791,MITSUBISHIELECSEMICONDUCTORSOFTWARE,54
MITSUBISHIHEAVYIND,3961.8291,MITSUBISHIHEAVYINDCOMPRESSOR,213.5
MITSUBISHIHEAVYIND,3961.8291,MITSUBISHIHEAVYINDENGINEANDTURBOCHARGER,140
MITSUBISHIHEAVYIND,3961.8291,MITSUBISHIHEAVYINDMACHINERYSYS,123
MITSUBISHIHEAVYIND,3961.8291,MITSUBISHIHEAVYINDTHERMALSYS,93.75
MITSUI,77.416664,MITSUICHEM,1545.9222
MITSUI,77.416664,MITSUIENGANDSHIPBUILDING,346.00043
MITSUI,77.416664,MITSUIHIGHTEC,152
MITSUI,77.416664,MITSUIKINZOKUACT,126.08334
MITSUI,77.416664,MITSUIMININGANDSMELTING,719
MITSUI,77.416664,MITSUITOATSUCHEM,1376.5
MIZUNO,255.33333,MIZUNOUS,68
MOLINS,399,MOLINSMACHINE,564
MOLTECH,53.5,MOLTECHINVENT,97.5
MONOLITHICPWRSYS,374,CHENGDUMONOLITHICPWRSYS,229
MONSANTOCHEM,4234,MITSUBISHIMONSANTOCHEM,52.5
MONSTER,80,MONSTERCABLEPROD,233
MORISEIKI,171.76666,DMGMORISEIKI,77.666664
MORPHO,189.5,MORPHODETECTION,125
MORPHO,189.5,MORPHOSYS,70
MORPHO,189.5,MORPHOTEK,61.5
MORPHO,189.5,MORPHOTRUSTUS,94
MULTIGRAPH,53,AMERNMULTIGRAPH,69
NAKANISHI,107.5,NAKANISHIMETALWORKS,68
NALCO,976.5,NALCOCHEM,1308
NASHUA,153,NASHUAGUMMEDANDCOATEDPAPER,65
NATLINSTITUTEOFINFORMATIONANDCOMMTECH,276.41666,NATLINSTITUTEOFINFORMATIONANDCOMMTECHADMINISTRATIVEAGENCY,81.333336
NATLTAIWANUNIVERSITY,939.41669,NATLTAIWANUNIVERSITYOFSCIENCEANDTECH,302.33334
NATUZZI,283,INDNATUZZI,199
NAVTEQ,99,NAVTEQNAM,122
NELLCOR,131.5,NELLCORPURITANBENNETTIRELAND,479.5
NESTLE,84,SOCDASSISTANCETECHNIQUEPOURPRODUITSNESTLE,183
NEWYORKUNIVERSITY,1219.5,POLYTECHNICINSTITUTEOFNEWYORKUNIVERSITY,90.833336
NIDEC,1272.3334,NIDECMINSTER,54
NIDEC,1272.3334,NIDECSANKYO,572.5
NIDEC,1272.3334,NIDECTOSOK,85
NIKE,10767.2,NIKEINT,113.83334
NIKKO,85.833336,NIKKOMATERIALS,63
NIKON,8706.083,NIKONVISION,76.5
NINTENDO,2435.1667,NINTENDOUS,91
NIPPONELEC,1081.9166,NIPPONELECGLASS,451.33334
NIPPONOIL,872.2262,JXTGNIPPONOILANDENERGY,57.900002
NIPPONOIL,872.2262,NIPPONOILANDFATS,256.25
NIPPONSANSO,206.91667,TAIYONIPPONSANSO,109.43333
NIPPONSHOKUBAI,1255.5,NIPPONSHOKUBAIKAGAKUKOGYO,230.5
NIPPONSTEEL,2747.2251,NIPPONSTEELANDSUMIKINCHEM,78.666664
NIPPONSTEEL,2747.2251,NIPPONSTEELANDSUMIKINSTAINLESSSTEEL,66.5
NIPPONSTEEL,2747.2251,NIPPONSTEELCHEM,146.91667
NIPPONSTEEL,2747.2251,NIPPONSTEELSEMICONDUCTOR,51
NOKIATECH,11866.33,NOKIASIEMENSNETWORKS,729
NORAND,257,NORANDA,125.2
NORTHAMERNPHILIPS,972,NORTHAMERNPHILIPSCONSUMERELECTRONICS,95
NOVARTIS,3932.9167,NOVARTISFIN,124.5
NOVARTIS,3932.9167,NOVARTISVACCINESANDDIAGNOSTICS,279.66666
NOVATEL,101.5,NOVATELWIRELESS,74
NOVONORDISK,1629.5,NOVONORDISKBIOTECH,53.666668
NOVONORDISK,1629.5,NOVONORDISKHEALTHCARE,82
NPSALLELIX,53.5,NPSALLELIXBIOPHARMACEUTICALS,67
NUOVOPIGNONE,382,NUOVOPIGNONEINDMECCANICHEEFONDERIA,55.5
NUOVOPIGNONE,382,NUOVOPIGNONETECNOLOGIE,54
NUTECH,52,NUTECHVENTURES,129.33333
NXP,4269.3428,NXPUS,1944
NYCOMED,79,NYCOMEDIMAGING,162
O2MICRO,220.5,O2MICROINT,224
OKONITE,113.5,OKONITECALLENDERCABLE,100
OKUMA,356.5,OKUMATEKKOSHO,51
OLYMPUS,8327.333,OLYMPUSIMAGING,700.91669
OLYMPUS,8327.333,OLYMPUSNDT,64
OLYMPUS,8327.333,OLYMPUSOPTICAL,5734.8096
OLYMPUS,8327.333,OLYMPUSWINTERANDIBE,168.16667
OMRON,3239.8167,OMRONHEALTHCARE,533
ONKYO,197,DENKIONKYO,131
OPENTEXT,404,OPENTEXTULC,299
OPTISCHEINDDEOUDEDELFT,88,BVOPTISCHEINDDEOUDEDELFT,114
ORICA,86,ORICAEXPLOSIVESTECH,64
ORIGIN,51.5,ORIGINELEC,75.833336
ORIGIN,51.5,ORIGINMEDSYSTEMS,178
OSHKOSH,317,OSHKOSHDEFENSE,71
OSRAM,913.16669,OSRAMGESELLSCHAFTMITBESCHRANKTERHAFTUNG,110
OSRAM,913.16669,OSRAMOLED,526.16669
OSRAM,913.16669,OSRAMOPTOSEMICONDUCTOR,90.666664
OSRAM,913.16669,OSRAMSYLVANIA,1441
OSRAMOPTOSEMICONDUCTOR,90.666664,OSRAMOPTOSEMICONDUCTORS,1572.75
OTTOBOCK,54.5,OTTOBOCKHEALTHCAREPROD,223
OUTBOARDMARINE,1362,OUTBOARDMARINEANDMFG,63
OWENSCORNING,1981,OWENSCORNINGFIBERGLASTECH,1543.1666
OWENSILLINOIS,4231,OWENSILLINOISCLOSURE,336
OWENSILLINOIS,4231,OWENSILLINOISPLASTICPROD,115
PACIFICMARKET,68,PACIFICMARKETINGINT,92
PACIFICMARKET,68,PACIFICMARKETINT,291
PANASONIC,17670.225,PANASONICAUTOMOTIVESYSUSDIVISIONOFPANASONICOFNAM,150
PANASONIC,17670.225,PANASONICAVIONICS,171
PANASONIC,17670.225,PANASONICCOMM,157
PANASONIC,17670.225,PANASONICELECWORKS,481.73334
PANASONIC,17670.225,PANASONICEVENERGY,106
PANASONIC,17670.225,PANASONICHEALTHCARE,243
PANASONIC,17670.225,PANASONICINTELLECTUALPROPERTYMGMT,9561
PANASONIC,17670.225,PANASONICINTELLECTUALPROPERTYUS,2205
PANASONIC,17670.225,PANASONICIPROSENSINGSOLTNS,86.5
PANASONIC,17670.225,PANASONICLIQUIDCRYSTALDISPLAY,734.83331
PANASONIC,17670.225,PANASONICORNAM,101.5
PANTECH,374,PANTECHANDCURITELCOMM,73.5
PARALLELS,147,PARALLELSINT,111
PARSONS,184,PARSONSRALPHM,54
PECHINEY,201,ALUMINIUMPECHINEY,141.5
PECHINEY,201,ALUMINUMPECHINEY,63
PECHINEY,201,PECHINEYEMBALLAGEFLEXIBLEEUROPE,74
PEKINGUNIVERSITY,218.41667,PEKINGUNIVERSITYFOUNDERGP,53.916668
PEKINGUNIVERSITY,218.41667,PEKINGUNIVERSITYSHENZHENGRADUATESCHOOL,77.333336
PERKINELMER,1258.5,BODENSEEWERKPERKINELMER,202.5
PERKINELMER,1258.5,PERKINELMERHEALTHSCIENCES,270.33334
PERKINELMER,1258.5,PERKINELMERLAS,90.5
PFISTER,62,PRICEPFISTER,61
PFIZER,5461.1665,PFIZERHOSPITALPRODGP,118
PHELPSDODGE,83,PHELPSDODGECOPPERPROD,96
PHILIPMORRIS,768,PHILIPMORRISPROD,564
PHILIPMORRIS,768,PHILIPMORRISUS,865.5
PHILIPS,5845.6665,KONINKLIJKEPHILIPS,18906.367
PHILIPS,5845.6665,LGPHILIPSDISPLAYSKOREA,84
PHILIPS,5845.6665,LGPHILIPSLCD,2054.5
PHILIPS,5845.6665,NORTHAMERNPHILIPS,972
PHILIPS,5845.6665,PHILIPSIMAGEGUIDEDTHERAPY,59.333332
PHILIPS,5845.6665,PHILIPSLAB,51
PHILIPS,5845.6665,PHILIPSLIGHTING,844.83331
PHILIPS,5845.6665,PHILIPSLUMILEDSLIGHTING,296
PHILIPS,5845.6665,PHILIPSSOLIDSTATELIGHTINGSOLTNS,64
PHILIPS,5845.6665,USPHILIPS,14100.393
PIERBURG,235.5,PIERBURGPUMPTECH,70.5
PIONEER,2680.6262,PIONEERELEC,63.166668
PIONEER,2680.6262,PIONEERVIDEO,61.166668
PIONEER,2680.6262,TOHOKUPIONEER,190
PIONEERELEC,63.166668,PIONEERELECTRONIC,2798.3333
PIRELLI,475,PIRELLIANDCSOCIETAPERAZIONI,94.5
PIRELLI,475,PIRELLIANDCSPA,71
PIRELLI,475,PIRELLICAVI,94
PIRELLI,475,PIRELLICOORDINAMENTOPNEUMATICI,141
PIRELLI,475,PIRELLIPNEUMATICI,226
PIRELLI,475,PIRELLITYRE,400.5
PIRELLICAVI,94,PIRELLICAVIESISTEMIENERGIA,141.5
PITNEYBOWES,3340.5,PITNEYBOWESPOSTAGEMETER,62
PIXARTIMAGING,916.5,PIXARTIMAGINGINCORPORATION,110
POCLAIN,111,POCLAINHYDRAULICSIND,147.5
PORSCHE,359.5,DRINGHCFPORSCHE,3158.4666
PORTERCABLE,113,PORTERCABLEMACHINE,55
PROGIL,71,RHONEPROGIL,115.5
PROTECH,51.5,PROTECHNA,57
PRYSMIAN,192.5,PRYSMIANCAVIESISTEMIENERGIA,102
PSION,64,PSIONTEKLOGIX,71
PULLMAN,1111.5,PULLMANSTANDARDCARMFG,268
QIMONDA,530.33331,QIMONDANAM,73.5
QUALCOMM,27986.834,QUALCOMMATHEROS,107.66666
QUALCOMM,27986.834,QUALCOMMINNOVATIONCENTER,92
QUALCOMM,27986.834,QUALCOMMMEMSTECH,589
QUALCOMM,27986.834,QUALCOMMTECHINT,99
RAMBUS,2308,RAMBUSDELAWARE,58
RANSBURG,124,RANSBURGELECTROCOATING,202
RASMUSSEN,106.5,VKANNRASMUSSENINDUSTRI,58
RAYCHEM,1411,NVRAYCHEM,110
RAYCHEM,1411,TYCOELECTRONICSRAYCHEM,112.25
RAYMONDINT,114,RAYMONDCONCRETEPILE,100
REALD,185,REALDSPARK,77
RECARO,61,RECAROAIRCRAFTSEATING,107
REDHAT,2439,REDHATISRAEL,649
REGENTSOFUNIVERSITYOFCALIFORNIA,12477.359,REGENTSOFUNIVERSITYOFCALIFORNIAOFFICEOFTECHTRANSFER,55
RENESASELECTRONICS,6999.9028,RENESASELECTRONICSUS,96.25
RESMED,1505,LINARESMEDICALDEVICES,60
RESMED,1505,RESMEDRANDDGERMANY,52.5
REVLON,249.5,REVLONCONSUMERPROD,260.5
REXAM,78,REXAMBEVERAGECAN,182.5
REXAM,78,REXAMDISPENSINGSYSSAS,69
REXAM,78,REXAMPLASTICS,58
RHONEPOULENC,1597,RHONEPOULENCAGRO,181
RHONEPOULENC,1597,RHONEPOULENCCHIMIE,807
RHONEPOULENC,1597,RHONEPOULENCSANTE,192
RHONEPOULENC,1597,RHONEPOULENCSPECIALITESCHIMIQUES,179
RHONEPOULENC,1597,RHONEPOULENCTEXTILE,159
RHONEPOULENCAGRO,181,RHONEPOULENCAGROCHIMIE,231
RICOH,26833.5,RICOHIMAGING,94
RICOH,26833.5,RICOHPRINTINGSYS,129.5
RICOH,26833.5,RICOHPRODUCTIONPRINTSOLTNS,90
RICOH,26833.5,TOHOKURICOH,215.66667
RICOHIMAGING,94,PENTAXRICOHIMAGING,123.5
RIKEN,827.23334,RIKENTECHNOS,58.333332
RITTAL,185,RITTALRUDOLFLOH,218
ROBERTBOSCH,26445.26,BSHBOSCHUNDSIEMENSHAUSGERTE,272
ROBERTBOSCH,26445.26,ROBERTBOSCHPHOTOKINO,68
ROBERTBOSCH,26445.26,ROBERTBOSCHTOOL,122.83334
ROBERTKRUPS,73,ROBERTKRUPSSTIFTUNG,97
ROCHEDIAGNOSTICS,716.16669,ROCHEDIAGNOSTICSINT,182
ROCHEDIAGNOSTICS,716.16669,ROCHEDIAGNOSTICSOPERATIONS,1367.5
ROCKTENN,58.5,ROCKTENNSHAREDSVCS,67.5
ROCKWELLAUTOMATIONTECH,113,ROCKWELLAUTOMATIONASIAPACIFICBUSINESSCENTER,51.5
ROCKWELL,113,ROCKWELLELECTRONICCOMMERCE,77
ROCKWELL,113,ROCKWELLINT,4119.5
ROCKWELL,113,ROCKWELLSCIENCECENTER,85.5
ROCKWELL,113,ROCKWELLSPRINGANDAXLE,86
RODENSTOCK,106.5,OPTISCHEWERKEGRODENSTOCK,109
ROEHM,172,ROEHMCHEMISCHEFABRIK,92.5
ROHMANDHAAS,5089.6665,ROHMANDHAASELECTRONICMATERIALSCMP,256.33334
ROHMANDHAAS,5089.6665,ROHMANDHAASELECTRONICMATERIALSKOREA,646.16669
ROHR,877,ROHRAIRCRAFT,110
ROLEX,143.5,ROLEXWATCHUS,142
ROLLSROYCE,5811.3335,ROLLSROYCEDEUTSCHLAND,596.83331
ROLLSROYCE,5811.3335,ROLLSROYCEMOTORCARS,55.5
ROLLSROYCE,5811.3335,ROLLSROYCENORTHAMERNTECH,480.5
ROTOL,60,DOWTYROTOL,77
RUBBERMAID,851.5,RUBBERMAIDCOMMLPROD,387
RUBBERMAID,851.5,RUBBERMAIDOFFICEPROD,64
RUBBERMAID,851.5,RUBBERMAIDSPECIALTY,67
RYOBI,544,RYOBINAM,93.5
SAAB,751.83331,SAABAUTOMOBILE,70.333336
SAFRAN,80.75,SAFRANAEROBOOSTERS,101
SAFRAN,80.75,SAFRANAIRCRAFTENGINES,1191.6666
SAFRAN,80.75,SAFRANELECANDPWR,63.5
SAFRAN,80.75,SAFRANHELICOPTERENGINES,81.166664
SAFRAN,80.75,SAFRANLANDINGSYS,126.41666
SAFRAN,80.75,SAFRANSEATS,80
SAFRAN,80.75,SAFRANTRANSMISSIONSYS,55.333332
SAFT,322.83334,SAFTSOCDESACCUMULATEURSFIXESETDETRACTION,55.5
SAGEM,180.5,SAGEMDEFENSESECURITE,213.83333
SAGEM,180.5,SOCDAPPLICATIONSGENERALESDELECTRICITEETDEMECANIQUESAGEM,70.5
SAINTGOBAIN,231,PRODUITSCHIMIQUESPECHINEYSAINTGOBAIN,153
SAINTGOBAIN,231,SAINTGOBAINABRASIFS,1727
SAINTGOBAIN,231,SAINTGOBAINCENTREDERECHERCHESETDETUDESEUROPEEN,127
SAINTGOBAIN,231,SAINTGOBAINCERAMICSANDPLASTICS,428.5
SAINTGOBAIN,231,SAINTGOBAINGLASSFRANCE,929.5
SAINTGOBAIN,231,SAINTGOBAINISOVER,270
SAINTGOBAIN,231,SAINTGOBAINNORTONINDCERAMICS,100
SAINTGOBAIN,231,SAINTGOBAINPERFORMANCEPLASTICS,299
SAINTGOBAIN,231,SAINTGOBAINPM,561
SAINTGOBAIN,231,SAINTGOBAINVITRAGE,430.5
SAINTGOBAINVITRAGE,430.5,SAINTGOBAINVITRAGEINT,185
SAMSUNGDISPLAY,16960.5,SAMSUNGDISPLAYDEVICES,432
SAMSUNGELECTROMECHANICS,5666.25,SAMSUNGELECTROMECHANICSJAPANADVANCEDTECH,71
SAMSUNGELECTRONICS,101955.22,SAMSUNGDISPLAY,16960.5
SAMSUNGELECTRONICS,101955.22,SAMSUNGELECTROMECHANICS,5666.25
SAMSUNGELECTRONICS,101955.22,SAMSUNGELECTRONIC,243.33333
SAMSUNGELECTRONICS,101955.22,SAMSUNGHEAVYIND,184.05
SAMSUNGELECTRONICS,101955.22,SAMSUNGLED,198
SAMSUNGELECTRONICS,101955.22,SAMSUNGLIFEPUBLICWELFAREFOUNDATION,62.5
SAMSUNGELECTRONICS,101955.22,SAMSUNGMEDISON,355.5
SAMSUNGELECTRONICS,101955.22,SAMSUNGMOBILEDISPLAY,1211
SAMSUNGELECTRONICS,101955.22,SAMSUNGSDI,6276
SAMSUNGELECTRONICS,101955.22,SAMSUNGSDS,240.66667
SANDIA,1741.5,NATLTECHANDENGSOLTNSOFSANDIA,571.33331
SANDIA,1741.5,SANDIANATLLAB,126.5
SANDISK,414.5,SANDISK3D,609.33331
SANDISK,414.5,SANDISKTECH,4705.1665
SANDVIK,1963.5,SANDVIKMININGANDCONSTRUCTION,165
SANOFI,1154,ELFSANOFI,57
SANOFI,1154,SANOFIAVENTISDEUTSCHLAND,1803
SANOFI,1154,SANOFIAVENTISUS,375
SANOFI,1154,SANOFIPASTEUR,184.16667
SARNOFF,577.5,DAVIDSARNOFFRESEARCHCENTER,141.33333
SARTORIUS,257.5,SARTORIUSSTEDIMBIOTECH,199.83333
SCHERING,3233.8333,SCHERINGKAHLBAUM,99
SCHNEIDERELECUS,1820.3334,SCHNEIDERAUTOMATION,121
SCHNEIDERELECUS,1820.3334,SCHNEIDERELECINDSAS,913
SCHOTT,851.66669,SCHOTTGLAS,238.33333
SCHOTTGLAS,238.33333,SCHOTTGLASWERKE,236.83333
SCHWEIZERISCHEINDGESELLSCHAFT,82,SIGSCHWEIZERISCHEINDGESELLSCHAFT,170
SCIENBIZIPCONSULTINGSHENZHEN,76,SCIENBIZIPCONSULTINGSHENZHENCO,70
SCIENTIFICGAMES,77,SCIENTIFICGAMESINT,186
SCITEX,106.5,SCITEXDIGITALPRINTING,67
SEAGATETECH,8129.6665,SEAGATETECHINT,66
SEEBURG,141,SEEBURGJP,70
SEGA,227,SEGAENTPR,400.66666
SEIKAGAKU,167,SEIKAGAKUKOGYO,87
SEIKO,66.333336,SEIKOINSTR,2921.6667
SEIKO,66.333336,SEIKOSHA,752.83331
SEIKOINSTR,2921.6667,SEIKOINSTRANDELECTRONICS,122
SEIKOSHA,752.83331,DAINISEIKOSHA,347.5
SEIKOSHA,752.83331,SUWASEIKOSHA,622.16669
SHAKESPEARE,239.33333,SHAKESPEAREPROD,51
SHARP,23841.154,SHARPLABUS,2028
SHARP,23841.154,SHARPNECDISPLAYSOLTNS,647.83331
SHARPLES,162,SHARPLESCHEM,102
SHARPLES,162,SHARPLESSPECIALTY,111
SHOWADENKO,2231.8262,SHOWAALUMINUMCAN,223.83333
SHOWADENKO,2231.8262,SHOWADENKOMATERIALS,60.5
SHOWADENKO,2231.8262,SHOWAHIGHPOLYMER,68.5
SHURE,87,SHUREACQUISITION,117
SHURE,87,SHUREBROS,55
SIDEL,167,SIDELPARTICIPATIONS,508
SIEMENS,35531.461,SIEMENSALLIS,67
SIEMENS,35531.461,SIEMENSANDHALSKE,84
SIEMENS,35531.461,SIEMENSAPPUNDMASCHINEN,91
SIEMENS,35531.461,SIEMENSAUDIOLOGISCHETECHNIK,303
SIEMENS,35531.461,SIEMENSBROS,86
SIEMENS,35531.461,SIEMENSBUILDINGTECHTHENSIEMENSIND,122
SIEMENS,35531.461,SIEMENSBUSINESSCOMMSYS,69
SIEMENS,35531.461,SIEMENSCAN,203.83333
SIEMENS,35531.461,SIEMENSEDISONSWAN,58
SIEMENS,35531.461,SIEMENSELEC,60.5
SIEMENS,35531.461,SIEMENSELEMA,211
SIEMENS,35531.461,SIEMENSENERGY,1247.5
SIEMENS,35531.461,SIEMENSENTPRCOMM,455
SIEMENS,35531.461,SIEMENSGAMESARENEWABLEENERGY,148
SIEMENS,35531.461,SIEMENSGAMMASONICS,81
SIEMENS,35531.461,SIEMENSHEALTHCARE,1552.5
SIEMENS,35531.461,SIEMENSINFORMATIONANDCOMMNETWORKS,305.5
SIEMENS,35531.461,SIEMENSMEDICALINSTR,206
SIEMENS,35531.461,SIEMENSMEDICALSOLTNSUS,1813.5834
SIEMENS,35531.461,SIEMENSMILLTRONICSPROCESSINSTR,56
SIEMENS,35531.461,SIEMENSMOBILITY,156.5
SIEMENS,35531.461,SIEMENSNIXDORFINFORMATIONSSYSTEME,173
SIEMENS,35531.461,SIEMENSOSTERREICH,66.833336
SIEMENS,35531.461,SIEMENSPWR,63
SIEMENS,35531.461,SIEMENSRAILAUTOMATION,208
SIEMENS,35531.461,SIEMENSSCHUCKERTWERKE,124
SIEMENS,35531.461,SIEMENSSCHWEIZ,249
SIEMENS,35533.13,SIEMENSWATERTECH,102
SIEMENS,35531.461,SIEMENSWESTINGHOUSEPWR,412.5
SIEMENSENERGY,1247.5,SIEMENSENERGYANDAUTOMATION,566
SIEMENSENERGY,1247.5,SIEMENSENERGYGLOBAL,101.5
SIEMENSHEALTHCARE,1552.5,SIEMENSHEALTHCAREDIAGNOSTICS,569
SIEMENSPWR,63,SIEMENSPWRGENERATION,194
SIEMENSPWR,63,SIEMENSPWRTRANSMISSIONANDDISTRIBUTION,54
SILGANDISPENSINGSYS,90,SILGANDISPENSINGSYSSLATERSVILLE,55
SILICONGRAPHICS,717,SILICONGRAPHICSINT,106
SILITEK,172,SILITEKELECTRONICSDONGGUAN,74.5
SILTRONIC,259.5,WACKERSILTRONICGESELLSCHAFTFURHALBLEITERMATERIALIEN,83.5
SKF,2147.3333,SKFFRANCE,67.5
SKF,2147.3333,SKFIND,196
SKF,2147.3333,SKFUS,58
SKHYNIX,7337,SKHYNIXMEMORYSOLTNS,145
SLINGMEDIA,123.5,SLINGMEDIAPVT,128.5
SMITHANDNEPHEW,1727.5,SMITHANDNEPHEWRICHARDS,114.5
SMITHKLINE,648.5,SMITHKLINEANDFRENCHLAB,378.5
SMSC,58,SMSCONCAST,193.5
SNAPON,859,SNAPONEQUIPMENTSRLAUNICOSOCIO,59
SNAPON,859,SNAPONTOOLS,214
SNECMA,1586,SNECMAMOTEURS,271.5
SNECMA,1586,SNECMAPROPULSIONSOLIDE,68.5
SNIAVISCOSA,110.5,SNIAVISCOSASOCIETANAZIONALEINDUSTRIAAPPLICAZIONIVISCOSA,69
SOITEC,361.5,SOITECSILICONONINSULATORTECH,281.5
SOLOCUP,75,SOLOCUPOPERATING,54
SOLVAY,1211.5834,SOLVAYADVANCEDPOLYMERS,51
SOLVAY,1211.5834,SOLVAYFLUORUNDDERIVATE,74
SOLVAY,1211.5834,SOLVAYINTEROX,76
SOLVAY,1211.5834,SOLVAYPHARM,66
SOLVAY,1211.5834,SOLVAYPOLYOLEFINSEUROPEBELGIUM,59
SOLVAY,1211.5834,SOLVAYSOLEXIS,171
SOLVAY,1211.5834,SOLVAYSPECIALTYPOLYMERSITALY,149.5
SOLVAY,1211.5834,SOLVAYSPECIALTYPOLYMERSUS,59
SONY,54762.078,SONYCHEM,176
SONY,54762.078,SONYCOMPUTERENTMT,2067.3333
SONY,54762.078,SONYDEUTSCHLAND,347.83334
SONY,54762.078,SONYEUROPE,67.5
SONY,54762.078,SONYINTERACTIVEENTMT,1552.5
SONY,54762.078,SONYINTEUROPE,130.5
SONY,54762.078,SONYNETWORKCOMM,243.64285
SONY,54762.08,SONYOLYMPUSMEDICALSOLTNS,112
SONY,54762.078,SONYPICTURESENTMT,106.16666
SONY,54762.078,SONYSEMICONDUCTORSOLTNS,957
SONY,54762.078,SONYUNITEDKINGDOM,372.5
SONY,54762.078,SONYUS,86.5
SONYCHEM,176,SONYCHEMANDINFORMATIONDEVICE,89.333336
SONYINTERACTIVEENTMT,1552.5,SONYINTERACTIVEENTMTUS,320.5
SORAA,202,SORAALASERDIODE,165
SPALDINGANDBROS,126,AGSPALDINGANDBROS,81
SPECTRAPHYSICS,333.5,SPECTRAPHYSICSLASERS,64
SPECTRAPHYSICS,333.5,SPECTRAPHYSICSSCANNINGSYS,54
SPERRY,7959,SPERRYSUNWELLSURVEYING,140
SRAM,255,SRAMDEUTSCHLAND,118
STAAR,119,STAARSURGICAL,71
STANADYNE,201,STANADYNEAUTOMOTIVE,79
STATSCHIPPAC,1692.5,CHIPPAC,78
STJUDEMEDICAL,550.33331,STJUDEMEDICALATRIALFIBRILLATIONDIVISION,615.5
STJUDEMEDICAL,550.33331,STJUDEMEDICALCARDIOLOGYDIVISION,493
STJUDEMEDICAL,550.33331,STJUDEMEDICALINT,56
STJUDEMEDICAL,550.33331,STJUDEMEDICALPUERTORICO,112
STMICROELECTRONICS,552,STMICROELECTRONICSAPPLICATION,74.5
STMICROELECTRONICS,552,STMICROELECTRONICSGRENOBLE2SAS,11031.583
STMICROELECTRONICS,552,STMICROELECTRONICSINT,569
STMICROELECTRONICS,552,STMICROELECTRONICSPVT,199.5
STOCKHAUSEN,105,CHEMISCHEFABRIKSTOCKHAUSEN,77
STRYKER,1358.6666,STRYKEREUROPEANHOLDINGSI,322.5
STRYKER,1358.6666,STRYKEREUROPEANOPERATIONS,66
STRYKER,1358.6666,STRYKERLEIBINGER,54
STRYKER,1358.6666,STRYKERSPINE,112
STRYKER,1358.6666,STRYKERTRAUMA,166
SUMITOMO,179.2,NIPPONSTEELANDSUMITOMOMETAL,1029.5333
SUMITOMO,179.2,SUMITOMOBAKELITE,563.94208
SUMITOMO,179.2,SUMITOMOCHEM,6939.4185
SUMITOMO,179.2,SUMITOMODUREZ,63
SUMITOMO,179.2,SUMITOMOELECDEVICEINNOVATIONS,245.5
SUMITOMO,179.2,SUMITOMOELECHARDMETAL,295.75
SUMITOMO,179.2,SUMITOMOELECIND,7552.2168
SUMITOMO,179.2,SUMITOMOHEAVYIND,892.95758
SUMITOMO,179.2,SUMITOMOLIGHTMETALIND,124.50952
SUMITOMO,179.2,SUMITOMOMETALMINING,1571.45
SUMITOMO,179.2,SUMITOMOOSAKACEMENT,367.91666
SUMITOMO,179.2,SUMITOMORIKO,215.03334
SUMITOMO,179.2,SUMITOMORUBBERIND,3599.25
SUMITOMO,179.2,SUMITOMOSEIKACHEM,223.16667
SUMITOMO,179.2,SUMITOMOSHICONSTRUCTIONMACHINERY,96.5
SUMITOMO,179.2,SUMITOMOSPECIALMETALS,256.5
SUMITOMO,179.2,SUMITOMOWIRINGSYS,4003.0334
SUMITOMOHEAVYIND,892.95758,SUMITOMOHEAVYINDIONTECH,62
SUMITOMORIKO,213.0333,TOKAIRUBBERIND,679.91669
SUNTECH,178.33333,AXSUNTECH,150.5
SUNTECH,178.33333,DAYSUNTECH,52
SUNTORY,690.08331,SUNTORYFLOWERS,420
SUTHERLANDPAPER,176,KVPSUTHERLANDPAPER,58
SWAROVSKI,299.5,SWAROVSKILIGHTING,59
SWAROVSKI,299.5,SWAROVSKIOPTIK,193
SYBASE,344,SYBASE365,58
SYMANTEC,3069,SYMANTECOPERATING,554
SYNAPTICS,1109,SYNAPTICSJAPANGK,101
SYNGENTA,238.5,SYNGENTACROPPROTECTION,812.5
SYNGENTA,238.5,SYNGENTAPARTICIPATIONS,1605
SYNGENTA,238.5,SYNGENTASEEDS,224
TAMURA,143.66667,TAMURAELECWORKS,77.5
TANAKA,53.833332,TANAKAKIKINZOKUKOGYO,268
TAPPAN,145,TAPPANSTOVE,79
TECHNICON,87,TECHNICONINSTR,377.5
TEIJIN,1731.9166,TEIJINARAMID,81.5
TEIJIN,1731.9166,TEIJINCHEM,123.33334
TEIJIN,1731.9166,TEIJINPHARM,93.5
TEIJIN,1731.9166,TEIJINSEIKI,215.83333
TELEFONICA,100.33334,TELEFONICADEESPANA,51
TELEFUNKEN,1722,TELEFUNKENELECTRONIC,139
TELEFUNKEN,1722,TELEFUNKENPATENTVERWERTUNGSGESELLSCHAFT,374
TELEFUNKEN,1722,TEMICTELEFUNKENMICROELECTRONIK,160.25
TELEMECANIQUE,74,LATELEMECANIQUEELECTRIQUE,324.33334
TEMPLEUNIVERSITY,69.666664,TEMPLEUNIVERSITYOFCOMMONWEALTHSYSOFHIGHEREDUCATION,254
TENNECO,261.5,TENNECOAUTOMOTIVEOPERATING,349.5
TENNECO,261.5,TENNECOCHEM,393
TENNECO,261.5,TENNECOPACKAGING,123
TERUMO,2048.8333,TERUMOBCT,92
TESLA,400,TESLAMOTORS,283.5
TEXACO,7968,DEUTSCHETEXACO,100.5
TEXACO,7968,TEXACOCHEM,309.5
TEXASINSTR,28023,TEXASINSTRDEUTSCHLAND,357
TEXTRON,1800,BELLHELICOPTERTEXTRON,838.5
TEXTRON,1800,BELLTEXTRON,78.5
TEXTRON,1800,DAVIDSONTEXTRON,261
TEXTRON,1800,TEXTRONAUTOMOTIVE,79
TEXTRON,1800,TEXTRONINNOVATIONS,783.5
THALES,2497.8333,THALESAVIONICS,129.5
THALES,2497.8333,THALESDISFRANCE,89
THERAVANCE,386,THERAVANCEBIOPHARMARANDD,206
THOMASANDBETTS,1022.5,THOMASANDBETTSINT,707
THOMSONBRANDT,103.5,DEUTSCHETHOMSONBRANDT,526
THOMSONBRANDT,103.5,THOMSONBRANDTARMEMENTS,54.5
THULE,144.5,THULESWEDEN,278.5
THYSSENKRUPP,329.61905,THYSSENKRUPPELEVATOR,102.5
THYSSENKRUPP,329.61905,THYSSENKRUPPPRESTA,188.33333
THYSSENKRUPP,329.61905,THYSSENKRUPPSTAHL,104.66666
THYSSENKRUPP,329.61905,THYSSENKRUPPSTEELEUROPE,171.66667
THYSSENKRUPP,329.61905,THYSSENKRUPPUHDE,67
THYSSENKRUPPPRESTA,188.33333,THYSSENKRUPPPRESTATECCENTER,73.333336
TIANMAMICROELECTRONICS,350.33334,SHANGHAITIANMAMICROELECTRONICS,383.33334
TIANMAMICROELECTRONICS,350.33334,WUHANTIANMAMICROELECTRONICS,130.5
TIANMAMICROELECTRONICS,350.33334,XIAMENTIANMAMICROELECTRONICS,221.5
TIMEX,623,TIMEXGPUS,153
TIMKEN,950.33331,TIMKENDETROITAXLE,257
TIMKEN,950.33331,TIMKENUS,202
TOAGOSEI,245.67223,TOAGOSEICHEMIND,63.333332
TOCCO,53,AJAXTOCCOMAGNETHERMIC,120.5
TOKAIKOGYO,218.25,TOKAIKOGYOMISHIN,72.5
TOKAIRIKASEISAKUSHO,113.5,TOKAIRIKADENKISEISAKUSHO,1625.85
TOKHEIM,167,TOKHEIMOILTANKANDPUMP,61
TOKUYAMA,454.72223,TOKUYAMASODA,96.5
TOKYOELECTRON,7990.6943,TOKYOELECTRONSAGAMI,55.833332
TOLEDOSCALE,699.5,TOLEDOSCALEMFG,131
TOMY,527.5,TOMYKOGYO,422
TOPCON,1297.5834,TOPCONPOSITIONINGSYS,169.33333
TOSHIBA,53035.805,HARISONTOSHIBALIGHTING,54.5
TOSHIBA,53035.8,SCHNEIDERTOSHIBAINVERTEREUROPESAS,85
TOSHIBA,53035.805,TOSHIBABATTERY,70
TOSHIBA,53035.805,TOSHIBACERAMICS,172.58333
TOSHIBA,53035.805,TOSHIBACLIENTSOLTNS,60.5
TOSHIBA,53035.805,TOSHIBAELECTRONTUBESANDDEVICES,60
TOSHIBA,53035.805,TOSHIBAELEVATOR,70.5
TOSHIBA,53035.805,TOSHIBAENERGYSYSANDSOLTNS,55
TOSHIBA,53035.805,TOSHIBAGLOBALCOMMERCESOLTNS,140
TOSHIBA,53035.805,TOSHIBAINFRASTRUCTURESYSANDSOLTNS,70.5
TOSHIBA,53035.805,TOSHIBAINT,94.5
TOSHIBA,53035.805,TOSHIBALIFESTYLEPRODANDSVCS,69
TOSHIBA,53035.805,TOSHIBALIGHTINGANDTECH,572.16669
TOSHIBA,53035.805,TOSHIBAMACHINEENG,127.33334
TOSHIBA,53035.805,TOSHIBAMATERIALS,111.33334
TOSHIBA,53035.805,TOSHIBAMEMORY,2911.5
TOSHIBA,53035.805,TOSHIBASILICONE,149.83333
TOSHIBA,53035.805,TOSHIBAUSELECTRONICCOMPONENTS,66.866669
TOSHIBA,53035.805,TOSHIBAUSINFORMATIONSYS,83.5
TOSHIBA,53035.805,TOSHIBAUSMEDICALSYS,70.833336
TOSOH,793.84009,TOSOHSMD,69.5
TOYOTAMOTOR,411,TOYOTAMOTORENGANDMFGNAM,2712.8333
TOYOTAMOTOR,411,TOYOTAMOTOREUROPE,52.166668
TOYOTIRE,395,TOYOTIREANDRUBBER,1012.0833
TRANE,351,TRANEINT,543.5
TRANE,351,TRANEUS,322
TRANSLUX,62,TRANSLUXDAYLIGHTPICTURE,61
TRIMBLE,326,TRIMBLENAVIGATION,1186
TRIQUINT,73,TRIQUINTSEMICONDUCTOR,234
TRUMPF,122.5,TRUMPFLASER,74
TRUMPF,122.5,TRUMPFMASCHINENAUSTRIA,65
TRUMPF,122.5,TRUMPFWERKZEUGMASCHINEN,228
TRUMPFLASER,74,TRUMPFLASERUNDSYSTEMTECHNIK,61.833332
TRW,3092,TRWAIRBAGSYS,120.25
TRW,3092,TRWCAMGEARS,97
TRW,3092,TRWFAHRWERKSYSTEME,50.5
TRW,3092,TRWOCCUPANTRESTRAINTSYS,340.16666
TRW,3092,TRWREPA,133
TRW,3092,TRWVEHICLESAFETYSYS,760.33331
TRWAUTOMOTIVE,538.5,TRWAUTOMOTIVEELECTRONICSANDCOMPONENTS,179.5
TRWAUTOMOTIVE,538.5,TRWAUTOMOTIVESAFETYSYS,214.33333
TRWREPA,133,TRWREPAFEINSTANZWERK,89
TSINGHUAUNIVERSITY,1363.7333,NATLTSINGHUAUNIVERSITY,999.58331
TSTECH,562.83331,DENSBITSTECH,67
TSTECH,562.83331,SPTSTECH,51
TSUDAKOMA,57,TSUDAKOMAKOGYO,157.5
TYCOELECTRONICSAMP,408.25,TYCOELECTRONICSAMPKOREA,66.75
UCB,155.5,UCBBIOPHARMA,167
UCB,155.5,UCBPHARM,237
ULTRATECH,138,ULTRATECHSTEPPER,59
UNDERWOOD,348,UNDERWOODTYPEWRITER,275
UNIDEN,141,UNIDENUS,79.5
UNILEVERBESTFOODSNAM,375,UNILEVERBESTFOODSNAMDIVISIONOFCONOPCO,72
UNIONCARBIDE,10313,UNIONCARBIDEANDCARBONRESLAB,60
UNIONCARBIDE,10313,UNIONCARBIDECAN,95.5
UNIONCARBIDE,10313,UNIONCARBIDECHEMANDPLASTICSTECH,955
UNIONCARBIDE,10313,UNIONCARBIDEINDGASESTECH,85
UNIROYAL,3728.5,UNIROYALCHEM,323
UNIVERSITYOFHOUSTON,169.25,UNIVERSITYOFHOUSTONSYS,240.83333
UNIVERSITYOFILLINOIS,250,BOARDOFTRUSTEESOFUNIVERSITYOFILLINOIS,1629.8334
UNIVERSITYOFKANSAS,332.5,UNIVERSITYOFKANSASMEDICALCENTERRESEARCHINSTITUTE,53.5
UNIVERSITYOFMARYLAND,380,UNIVERSITYOFMARYLANDBALTIMORE,425.16666
UNIVERSITYOFMARYLAND,380,UNIVERSITYOFMARYLANDBIOTECHNOLOGYINSTITUTE,71.5
UNIVERSITYOFMARYLAND,380,UNIVERSITYOFMARYLANDCOLLEGEPARK,333.16666
UNIVERSITYOFMARYLANDBALTIMORE,425.16666,UNIVERSITYOFMARYLANDBALTIMORECOUNTY,159.66667
UNIVERSITYOFMASSACHUSETTS,1000.4167,UNIVERSITYOFMASSACHUSETTSLOWELL,70.5
UNIVERSITYOFNORTHCAROLINA,83.916664,UNIVERSITYOFNORTHCAROLINAATCHAPELHILL,1914.8167
UNIVERSITYOFPITTSBURGH,354.75,UNIVERSITYOFPITTSBURGHOFCOMMONWEALTHSYSOFHIGHEREDUCATION,943.05951
UNIVERSITYOFVIRGINIA,51,UNIVERSITYOFVIRGINIAPATENTFOUNDATION,708.33331
UNIVERSITYOFWASHINGTON,1334.6666,UNIVERSITYOFWASHINGTONTHROUGHITSCENTERFORCOMMERCIALIZATION,293.33334
USBORAX,348,USBORAXANDCHEM,70
UTCFIREANDSECURITY,72.5,UTCFIREANDSECURITYAMERICAS,84
VALEO,737.5,VALEOCLIMATISATION,150.5
VALEO,737.5,VALEOELECSYS,127
VALEO,737.5,VALEOEMBRAYAGES,149
VALEO,737.5,VALEOENGINECOOLING,87
VALEO,737.5,VALEOEQUIPEMENTSELECTRIQUESMOTEUR,321.5
VALEO,737.5,VALEOEQUIPMENTSELECTRIQUESMOTEUR,68
VALEO,737.5,VALEOJAPAN,54
VALEO,737.5,VALEONAM,143.5
VALEO,737.5,VALEOSCHALTERUNDSENSOREN,221.5
VALEO,737.5,VALEOSECURITEHABITACLE,117
VALEO,737.5,VALEOSYSTEMESDECONTROLEMOTEUR,140
VALEO,737.5,VALEOSYSTEMESTHERMIQUES,296.83334
VALEO,737.5,VALEOSYSTMESDESSUYAGE,437.5
VALEO,737.5,VALEOTHERMIQUEMOTEUR,161.5
VALEO,737.5,VALEOVISION,759.83331
VALMET,858.5,VALMETKARLSTAD,56
VALMET,858.5,VALMETPAPERMACHINERY,225
VALSPAR,62.5,VALSPARSOURCING,224
VARCO,200.5,VARCOINT,55
VARIANMEDICALSYS,2667.1667,VARIANMEDICALSYSINT,220
VARTA,141.33333,VARTABATTERIE,220
VARTA,141.33333,VARTAMICROBATTERY,55
VDOADOLFSCHINDLING,450,SIEMENSVDOAUTOMOTIVE,1222
VELCRO,60,AMERNVELCRO,65
VELCRO,60,VELCROIND,246
VETCO,83,VETCOGRAY,450.5
VETCO,83,VETCOOFFSHOREIND,61
VETCOGRAY,450.5,ABBVETCOGRAY,190.5
VETCOGRAY,450.5,VETCOGRAYCONTROLS,59
VETCOGRAY,450.5,VETCOGRAYSCANDINAVIA,71
VITAMIX,97,VITAMIXMGMT,77
VOESTALPINE,541.5,VOESTALPINEINDUSTRIEANLAGENBAU,216
VOITH,698,AMERNVOITHCONTACT,54
VOITH,698,VOITHGETRIEBE,75
VOITH,698,VOITHPATENT,748.5
VOITH,698,VOITHSULZERFINISHING,60
VOITH,698,VOITHSULZERPAPERTECHNAM,74
VOITH,698,VOITHSULZERPAPIERMASCHINEN,301.5
VOITH,698,VOITHSULZERPAPIERTECHNIKPATENT,253
VOITH,698,VOITHTURBO,185
VOLKSWAGEN,2235.4834,VOLKSWAGENWERK,320
VOLVO,565.5,VOLVOAERO,87.833336
VOLVO,565.5,VOLVOCAR,702.5
VOLVO,565.5,VOLVOCONSTRUCTIONEQUIPMENT,359
VOLVO,565.5,VOLVOGPNAM,50.5
VOLVO,565.5,VOLVOLASTVAGNAR,504
VOLVO,565.5,VOLVOPENTA,186
VOLVO,565.5,VOLVOTRUCK,394.5
VOLVOCONSTRUCTIONEQUIPMENT,359,VOLVOCONSTRUCTIONEQUIPMENTHOLDINGSWEDEN,138.5
VOLVOTRUCK,394.5,VOLVOTRUCKSNAM,86
VULCAN,167,VULCANMATERIALS,62
WABCO,421,WABCOEUROPEBVBA,71.333336
WABCO,421,WABCOWESTINGHOUSEFAHRZEUGBREMSEN,174
WABCO,421,WABCOWESTINGHOUSERAILWAYBRAKE,83
WACKERCHEM,81,WACKERCHEMIE,1872
WACKERCHEM,81,WACKERCHEMITRONICGESELLSCHAFTFURELEKTRONIKGRUNDSTOFFE,104
WAHL,87,WAHLCLIPPER,344
WAKEFORESTUNIVERSITY,134.83333,WAKEFORESTUNIVERSITYHEALTHSCIENCES,263.41666
WALBRO,371.5,WALBROENGINEMGMT,91.5
WALWORTH,62.5,WALWORTHPATENTS,56
WARTSILA,142.5,WARTSILAFINLAND,129.5
WAYNESTATEUNIVERSITY,403.53333,WAYNESTATEUNIVERSITYBOARDOFGOVERNORS,54.166668
WCBRADLEY,199,WCBRADLEYZEBCO,54
WDMEDIA,159.5,WDMEDIASINGAPORE,72
WEBASTO,294.33334,WEBASTOFAHRZEUGTECHNIK,56
WEBASTO,294.33334,WEBASTOVEHICLESYSINT,156.5
WEBASTO,294.33334,WEBASTOWERKWBAIER,153
WEIDMLLER,84,WEIDMLLERINTERFACE,134.5
WESTINGHOUSEELEC,32344.5,WESTINGHOUSEELECSWEDEN,59
WHIRLPOOL,5931.1665,WHIRLPOOLSEEGER,74
WISTARINSTITUTE,66.666664,WISTARINSTITUTEOFANATOMYANDBIOLOGY,101.5
WISTRON,2065.3333,WISTRONNEWEB,528
WOODWARD,370.5,WOODWARDGOVERNOR,129
WRGRACE,2693,WRGRACECONN,1347
WRGRACECONN,1347,WRGRACECONNCRYOVACDIV,88
WYETH,10151,JOHNWYETHANDBROTHER,296
WYETH,10151,WYETHJOHNANDBROTHER,59
XEROX,26153,RANKXEROX,157
YAHOO,2462.5,YAHOOJAPAN,150
YAMAHA,5470.9165,YAMAHAHATSUDOKI,3664
YAMAHA,5470.9165,YAMAHAMARINE,275.5
YAMAHA,5470.9165,YAMAHAMOTOR,91
YAMAICHIELEC,95.5,YAMAICHIELECTRONICS,288.5
YAMASA,60.333332,YAMASASHOYU,59
YAMATAKE,177.36667,YAMATAKEHONEYWELL,120
YANMAR,673,YANMARDIESELENGINE,53.5
YANMAR,673,YANMARPWRTECH,75
YAZAKI,7383,YAZAKINAM,245
YKK,1367.4166,YKKUS,66.5
ZEON,919.25,NIPPONZEON,570.5
ZIMMER,1300,VICKERSZIMMER,52
ZIMMER,1300,ZIMMERBIOMETSPINE,55
ZIMMER,1300,ZIMMERDENTAL,63
ZIMMER,1300,ZIMMERKNEECREATIONS,62
ZIMMER,1300,ZIMMERSPINE,374.5
ZOBELE,124,ZOBELEESPANA,94
ZODIACPOOLCARE,53,ZODIACPOOLCAREEUROPE,76
